id,claim,theorem_or_lemma,proof_or_source,checker,experiment,input,raw_result,maturity,fresh_recheck,paper_location
C1,Exact signed-origin effect identity for every admitted affine DAG,Theorem 1,proofs/principal-budgets.md section 1,src/language.py; src/verify.py reverse effect,programs; unit tests,inputs/specimens.json; inputs/generated.json,results/programs-summary.json; results/unit-tests.json,hand-proved; finite-checked,15-command clean-extraction replay passed; zero scientific mismatches; relevant unit/program checks passed,Section 2; Theorem 2.1; Figure 2
C2,Exact full-period support and compressed phase-bit hull,Lemma 2; Theorem 3,proofs/principal-budgets.md sections 2-3,src/dyadic.py full_period_budget; src/oracle.py,periods; support; scaling,deterministic rational banks,results/periods.json; results/support.csv; results/scaling.json,hand-proved; finite-checked,15-command clean-extraction replay passed; zero scientific mismatches; support/period/scaling checks passed,Section 3; Lemma 3.1; Theorem 3.2; Figure 1
C3,For m consecutive steps the separated half-step radius is within the sharp factor (m+1)/2,Theorem 4,proofs/principal-budgets.md section 4,src/dyadic.py full_period_budget,separation,integer weights; transformed-norm vertices; extremal normalized family,results/separation.json; results/separation-summary.json,hand-proved; finite-checked,"15-command clean-extraction replay passed; zero scientific mismatches; 2,800 integer-weight, 1,440 vertex, and nine extremal-family checks passed",Section 4.1; Theorem 4.1
C4,All normalized full-period minimax fusers form the stated simplex image,Corollary 4.2,proofs/principal-budgets.md section 4,src/dyadic.py full_period_budget,fusion,781 normalized cases; wide-range cases,results/fusion.json; results/fusion-summary.json,hand-proved; finite-checked,15-command clean-extraction replay passed; zero scientific mismatches; 781 normalized and 60 wide-range checks passed,Section 4.2; Corollary 4.2
C5,Restricted-interval support and pre-quantization fiber elimination are exact including endpoint attainment,Lemmas 5 and 7; Theorems 6 and 8,proofs/principal-budgets.md sections 5-6,src/dyadic.py; src/oracle.py; src/verify.py,support; envelopes,fixed rational intervals and capture boxes,results/support.csv; results/envelopes.csv,hand-proved; finite-checked,"15-command clean-extraction replay passed; zero scientific mismatches; 8,250 support and 3,750 envelope checks passed",Section 5; Lemmas 5.1/5.3; Theorems 5.2/5.4
C6,The analyzer returns the least closed output-error interval and principal absolute/maximum-norm budget,Theorem 9; Corollary 9.1,proofs/principal-budgets.md section 7,src/language.py; src/verify.py,programs,512 frozen programs,results/specimens.json; results/generated.json,hand-proved; best-correct abstraction claim in interval domain,15-command clean-extraction replay passed; zero scientific mismatches; all 512 frozen programs passed exact replay,Section 6.1-6.2; Theorem 6.1; Corollary 6.2
C7,Every smaller nonnegative rational budget has an admissible strict rational violating input,Theorem 10,proofs/principal-budgets.md section 7,src/language.py; src/verify.py direct paired interpreter,programs; fusion,512 programs and 10 published-weight envelope cases,results/generated-witnesses.json; results/specimen-witnesses.json; results/fusion-witnesses.json,hand-proved; finite-checked,"15-command clean-extraction replay passed; zero scientific mismatches; 1,516 retained strict witnesses replayed",Section 6.4; Theorem 6.3
C8,On the frozen 512-program corpus the exact relational budget is strictly smaller than the pointwise minimum of two incomparable exact-marginal separation relaxations in 356 positive-budget cases and never larger,No population-level theorem,docs/experiment-plan.md baseline repair and ablation protocol,src/comparisons.py,baselines; ablation,unchanged 12 specimens plus 500 seeded programs,results/baselines.json; results/baselines-summary.json; results/ablation.json; results/frozen-value-baseline-check.json,measured finite corpus comparison; not an external-tool or workload-prevalence claim,15-command clean-extraction replay passed; independent frozen baseline retained all 512 numerical rows; 356 strict improvements; median 13/12; 90th percentile 68/49; maximum 4,Section 7.3; Table 3
C9,"The four-interface partial-order ablation measures half-step boxes, two incomparable exact-marginal decompositions, and their pointwise-minimum valid combination",No universal frequency claim,docs/experiment-plan.md frozen ablation,src/comparisons.py; reproduce.py suite_ablation,ablation,same frozen 512 programs,results/ablation.json; results/ablation.csv; results/ablation-summary.json; results/frozen-value-baseline-check.json,measured finite ablation,"15-command clean-extraction replay passed; all 512 numerical rows retained; output selected 57 times, residual 290, and tie 165",Section 7.3; Table 3
C10,Five attributed published WLS weight rows satisfy the deterministic minimax property under this model,Corollary 4.2 plus direct algebra,proofs/principal-budgets.md section 9; inputs/published-fusion-README.md,reproduce.py suite_fusion; src/verify.py,fusion,inputs/published-fusion.csv,results/fusion.json; results/fusion-witnesses.json,source-attributed input; hand-derived property; finite-checked,"Published source table inspected; 15-command clean-extraction replay passed; all five rows, 10 envelope cases, and 10 strict witnesses passed",Sections 4.3 and 7.4; Table 4
C11,Exact replay obligations are sufficient for the best-correct interval and a directly interpreted strict witness is a semantic counterexample,Theorem 11,proofs/principal-budgets.md section 8,src/verify.py; budget.py verify,mutations; unit tests; example replay,benign malformed certificates and worked example,results/mutations.json; results/unit-tests.json; results/example-certificate.json,hand-proved conditional adequacy; Python implementation only finite-checked,"15-command clean-extraction replay passed; zero scientific mismatches; 24 mutation checks, unit tests, CLI round trip, and worked certificate passed",Section 6.5; Theorem 6.4; Table 1
C12,Closest-work boundary and venue calibration support the narrow retained contribution without a categorical priority claim,No priority theorem,research-plan.md; external_resources.csv,not applicable,12 TACO plus 5 influential plus 5 adjacent full-paper calibration,scholarly full texts listed in external_resources.csv,research-plan.md comparison matrices,literature synthesis; 2026 Shem remains metadata-only and outside the full-read count,"12 TACO, five influential, and five adjacent full-paper calibration rechecked in the final artifact-only review; 2026 Shem remains metadata-only and outside the count",Sections 1 and 8; bibliography
C13,Scientific cross-check failures remain enforced under optimized Python execution,Implementation integrity property; not a mathematical theorem,src/checks.py; explicit RuntimeError guards; tests/test_core.py,pilot.py; reproduce.py; python -O regression test,unit tests; optimized pilot; optimized full-period suite,frozen deterministic inputs,results/unit-tests.json; results/pilot.json; results/periods.json,implementation-tested; no claim of parser security or independent verification,"29 unit tests passed; python -O pilot checked 701 obligations, 3,300 cumulative set entries, and 5,550 objective-value calls; python -O periods checked 750 comparisons",Artifact availability and evaluation methodology; repository README
C14,The bibliography has 62 unique cited records with persistent locators and the calibration inventory contains 12 TACO plus 5 influential plus 5 adjacent full-text sources,Bibliographic closure invariant; not a scientific theorem,artifact/reference_audit.csv; artifact/docs/reference-audit.md; artifact/external_resources.csv,paper/check_references.py,offline bibliography/citation/calibration audit,paper/references.bib; paper/main.tex; source ledgers,paper/reference-audit-summary.json,metadata and citation audit with per-record evidence depth; fresh network fetch not claimed for every DOI,62/62 cited; 60 unique DOI records; 2 unique stable URL records; zero missing/unused keys; 22 full-text calibration sources,Bibliography; Sections 1 and 8; paper README
C15,Controlled release entry points preserve packaged-source integrity across replay without leaving bytecode caches in a writable clean copy,Release-engineering property; not a mathematical theorem,run_all.py; verify_release.py; docs/REPRODUCIBILITY.md,release manifest integrity checks before and after replay,integrity-only; documented replay; integrity-only; verify_release --run,writable POSIX clean copy with parent PYTHONDONTWRITEBYTECODE unset,results/cache-integrity-validation.json,measured release check; no universal filesystem-security claim,all four entries returned zero; 34 immutable hashes unchanged; no __pycache__ or .pyc remained,Artifact documentation only; no manuscript scientific claim
