name,url_or_source,license,access_date,resource_type,acquisition_method,integration_mode,supported_claim,internals_modified,evidence_state
Dynamic Precision Autotuning with TAFFO,https://doi.org/10.1145/3388785,publisher copyright; citation only,2026-09-15,TACO research article,full-text author/institutional PDF read,citation and venue-calibration pattern only,"precision-tuning pipeline, application evaluation, and static-versus-measured boundary",no,full substantive source read; calibration count 1/12
FPDetect,https://doi.org/10.1145/3402451,publisher copyright; citation only,2026-09-15,TACO research article,full-text PDF read,citation and venue-calibration pattern only,rigorous detector construction and compiler/application connection,no,full substantive source read; calibration count 2/12
Application-Specific Arithmetic in High-Level Synthesis Tools,https://doi.org/10.1145/3377403,publisher copyright; citation only,2026-09-15,TACO research article,full-text PDF read,citation and venue-calibration pattern only,arithmetic-format choices tied to synthesis and cost evidence,no,full substantive source read; calibration count 3/12
GRAM: A Framework for Dynamically Mixing Precisions in GPU Applications,https://doi.org/10.1145/3441830,publisher copyright; citation only,2026-09-15,TACO research article,full-text article read,citation and venue-calibration pattern only,runtime/compiler mechanism and application performance/quality evidence,no,full substantive source read; calibration count 4/12
Automated and Controlled Floating-Point Accuracy Reduction on GPUs,https://doi.org/10.1145/3151032,publisher copyright; citation only,2026-09-15,TACO research article,full-text article read,citation and venue-calibration pattern only,accuracy control coupled to GPU architectural consequences,no,full substantive source read; calibration count 5/12
PERI: A Configurable Posit Enabled RISC-V Core,https://doi.org/10.1145/3446210,publisher copyright; citation only,2026-09-15,TACO research article,full-text article read,citation and venue-calibration pattern only,"representation, processor implementation, and application evaluation",no,full substantive source read; calibration count 6/12
Fixed-Point Encoding and Architecture Exploration for Residue Number Systems,https://doi.org/10.1145/3664923,publisher copyright; citation only,2026-09-15,TACO research article,full-text article read,citation and venue-calibration pattern only,formal encoding connected to architecture exploration,no,full substantive source read; calibration count 7/12
CERE: LLVM-Based Codelet Extractor and REplayer,https://doi.org/10.1145/2724717,publisher copyright; citation only,2026-09-15,TACO research article,full-text author PDF read,venue-calibration pattern only,"replay object, preservation boundary, and mismatch reporting",no,full substantive source read; calibration count 8/12
MiCOMP,https://doi.org/10.1145/3124452,publisher copyright; citation only,2026-09-15,TACO research article,full-text author PDF read,venue-calibration pattern only,"phase-order compression, learning protocol, and benchmark evaluation",no,full substantive source read; calibration count 9/12
Clustering-Based Selection for Compiler Optimization Sequences,https://doi.org/10.1145/2883614,publisher copyright; citation only,2026-09-15,TACO research article,full-text article read,venue-calibration pattern only,search-space compression with explicit baseline and application evaluation,no,full substantive source read; calibration count 10/12
Finding Good Optimization Sequences Covering Program Space,https://dl.acm.org/citation.cfm?id=2400715,publisher copyright; citation only,2026-09-15,TACO research article,full-text article read,venue-calibration pattern only,finite program-space coverage versus generalization claim,no,full substantive source read; calibration count 11/12
Practical Exhaustive Optimization Phase Order Exploration and Evaluation,https://doi.org/10.1145/1509864.1509865,publisher copyright; citation only,2026-09-15,TACO research article,full-text article read,venue-calibration pattern only,resource-closed exhaustive search and empirical breadth,no,full substantive source read; calibration count 12/12
Abstract Interpretation: A Unified Lattice Model,https://doi.org/10.1145/512950.512973,publisher copyright; citation only,2026-09-15,influential research paper,full text read,citation and conceptual calibration,best correct abstraction and sound approximation vocabulary,no,full substantive source read; influential count 1/5
What Every Computer Scientist Should Know About Floating-Point Arithmetic,https://doi.org/10.1145/103162.103163,publisher copyright; citation only,2026-09-15,influential research article,full text read,citation and explanatory calibration,precise rounding semantics and boundary examples,no,full substantive source read; influential count 2/5
Quantization,https://doi.org/10.1109/18.720541,publisher copyright; citation only,2026-09-15,influential survey article,full text read,citation and conceptual calibration,deterministic versus stochastic quantization models,no,full substantive source read; influential count 3/5
Precimonious,https://doi.org/10.1145/2503210.2503296,publisher copyright; citation only,2026-09-15,influential research paper,full text read,citation and conceptual calibration,search-based precision tuning with application validation,no,full substantive source read; influential count 4/5
Sound Compilation of Reals,https://doi.org/10.1145/2535838.2535874,publisher copyright; citation only,2026-09-15,influential research paper,full text read,citation and conceptual calibration,paired real/finite semantics and sound error reasoning,no,full substantive source read; influential count 5/5
Shem preprint,https://arxiv.org/abs/2411.03557,CC BY 4.0 on primary record,2026-09-15,adjacent research paper,complete arXiv full text read,citation and closest-work comparison only,hardware-aware optimization over simulated analog systems and four case studies,no,full substantive source read; adjacent count 1/5
Cross-channel quantizer error correlation,https://doi.org/10.1109/ACSSC.2011.6190056,publisher/author copyright; citation plus five factual coefficients only,2026-09-15,adjacent research paper,full five-page author PDF read; Table II inspected,citation; five rational weight rows transcribed with attribution,same-input residual relation and covariance-aware fusion are prior work,no,full substantive source read; adjacent count 2/5
Numerical Fuzz,https://doi.org/10.1145/3656456,publisher copyright; citation only,2026-09-15,adjacent research paper,complete full text read,citation and closest-work comparison only,sensitivity plus graded rounding-error effects,no,full substantive source read; adjacent count 3/5
FloVer,https://doi.org/10.23919/FMCAD.2018.8603019,publisher copyright; citation only,2026-09-15,adjacent research paper,complete full text read,citation and closest-work comparison only,verified certificate checking predates this unverified Python replay,no,full substantive source read; adjacent count 4/5
Cost of Soundness in Mixed-Precision Tuning,https://doi.org/10.1145/3763137,publisher copyright; citation only,2026-09-15,adjacent research paper,complete full text read,citation and closest-work comparison only,cross-tool soundness/cost/coverage boundary,no,full substantive source read; adjacent count 5/5
Shem ICONS 2026,https://doi.org/10.1145/3822454.3822467,publisher copyright; metadata citation only,2026-09-15,newer closest research paper,publisher metadata and bibliographic record inspected; full publisher PDF unavailable,bibliographic citation only; excluded from full-read calibration count,formal 2026 publication metadata and unresolved unseen-detail boundary,no,metadata only; not used for a priority claim
Quantization timing-offset thesis,https://dspace.mit.edu/entities/publication/6ce5c7dc-5d85-4df5-8a86-aae93aac70de,repository record terms; no redistribution,2026-09-15,thesis record,primary catalog inspected; linked full text unavailable,not integrated,possible broader historical extension,no,catalog only; not a full-read calibration item
TACO author guidelines,https://dl.acm.org/journal/taco/author-guidelines,publisher website,2026-09-15,workflow source,official indexed rule checked; direct page access restricted during run,research plan and readiness only,strict original-submission 20-page rule with references excluded,no,partial live-rule verification; human recheck required before external use
ACM submission template source,https://www.acm.org/publications/authors/submissions,publisher website,2026-09-15,workflow source,matched supplied class/style inspected and byte-compared,unmodified local template assets,acmsmall screen review anonymous family,no,local asset verification; live settings still require human check
ACM authorship policy,https://www.acm.org/publications/policies/new-acm-policy-on-authorship,publisher website,2026-09-15,workflow source,official indexed policy checked; full page access restricted during run,state/readiness only,named human accountability and AI tools not being authors,no,external-use hold; no compliance certification
Supplied ACM class and bibliography style,user-supplied TEMPLATE.zip,LPPL and exact supplied LICENSE,2026-09-15,template asset,local ZIP inspected; exact files retained,paper template assets,publisher typography and bibliography processing,no,byte comparison performed again at final packaging
Proving Bounds on Real-Valued Functions with Computations,https://doi.org/10.1007/978-3-540-71070-7_2,publisher copyright; citation only,2026-09-16,publisher metadata record,Springer record and bibliographic search inspected,bibliographic metadata repair only,"CoqInterval-related record is Melquiond, IJCAR 2008, pp. 2--17",no,metadata reverified; not a full-read calibration item
ACCEPT: A Programmer-Guided Compiler Framework for Practical Approximate Computing,https://dada.cs.washington.edu/research/tr/2015/01/UW-CSE-15-01-01.pdf,University of Washington technical report; citation only,2026-09-16,archival technical report,UW report PDF and technical-report index inspected,citation context and bibliographic metadata repair only,seven-author UW-CSE-15-01-01 technical-report identity; no DOI asserted,no,archive record and PDF inspected; not a full-read calibration item
FloatX: A C++ Library for Customized Floating-Point Arithmetic,https://doi.org/10.1145/3368086,publisher copyright; citation only,2026-09-16,publisher metadata record,ACM Digital Library record inspected,bibliographic metadata repair only,"author list, ACM TOMS 45(4), Article 40, 23 pages, 2019",no,metadata reverified; not a full-read calibration item
CPFloat: A C Library for Simulating Low-Precision Arithmetic,https://doi.org/10.1145/3585515,publisher copyright; citation only,2026-09-16,publisher metadata record,ACM Digital Library record inspected,bibliographic metadata repair only,"Fasi and Mikaitis; ACM TOMS 49(2), Article 18, 32 pages, 2023",no,metadata reverified; not a full-read calibration item
Rigorous Estimation of Floating-Point Round-Off Errors with Symbolic Taylor Expansions,https://doi.org/10.1145/3230733,publisher copyright; citation only,2026-09-16,publisher metadata record,ACM Digital Library record inspected,bibliographic metadata normalization only,"ACM TOPLAS 41(1), Article 2, 39 pages, 2018",no,metadata reverified; not a new full-read calibration item
Quantization and Dither: A Theoretical Survey,https://www.aes.org/e-lib/browse.cfm?elib=7047,publisher copyright; citation only,2026-09-16,publisher archive record,AES E-Library catalog record inspected,stable bibliographic locator only,1992 JAES survey identity and stable non-DOI record,no,archive metadata reverified; not a full-read calibration item
Design of Novel Analog Compute Paradigms with Ark,https://doi.org/10.1145/3620665.3640419,publisher copyright; citation only,2026-09-16,publisher metadata record,ACM Digital Library record inspected,bibliographic metadata completion only,ASPLOS 2024 pages 269--285 and DOI,no,metadata reverified; not a full-read calibration item
Noise-Aware Dynamical System Compilation for Analog Devices with Legno,https://doi.org/10.1145/3373376.3378449,publisher copyright; citation only,2026-09-16,publisher metadata record,ACM Digital Library record inspected,bibliographic metadata completion only,ASPLOS 2020 pages 149--166 and DOI,no,metadata reverified; not a full-read calibration item
