key,title,year,record_type,persistent_identifier,metadata_source,metadata_status,full_text_status,calibration_role,manuscript_citation_count,audit_date,notes
shem2024,{Shem}: A Hardware-Aware Optimization Framework for Analog Computing Systems,2024,misc,https://doi.org/10.48550/arxiv.2411.03557,https://doi.org/10.48550/arxiv.2411.03557,Persistent identifier and bibliographic fields audited; source provenance recorded in external_resources.csv,Full substantive source read for the recorded calibration role,adjacent full-paper calibration 1/5,2,2026-09-16,No special correction in the final targeted audit.
shem2026,Optimization of Emerging Analog Compute Systems with {Shem},2026,inproceedings,https://doi.org/10.1145/3822454.3822467,https://doi.org/10.1145/3822454.3822467,ACM publisher metadata reverified; venue/title/DOI repaired and locked,Metadata only; full text not claimed or counted,none,1,2026-09-16,Metadata only; excluded from the 22 full-text calibration count and from categorical priority claims.
ark,Design of Novel Analog Compute Paradigms with {Ark},2024,inproceedings,https://doi.org/10.1145/3620665.3640419,https://doi.org/10.1145/3620665.3640419,ACM publisher metadata reverified; pages/DOI added and locked,Not counted as a full-text calibration source,none,2,2026-09-16,Corrected final record includes ASPLOS 2024 pages 269--285 and DOI.
legno,Noise-Aware Dynamical System Compilation for Analog Devices with {Legno},2020,inproceedings,https://doi.org/10.1145/3373376.3378449,https://doi.org/10.1145/3373376.3378449,ACM publisher metadata reverified; pages/DOI added and locked,Not counted as a full-text calibration source,none,2,2026-09-16,Corrected final record includes ASPLOS 2020 pages 149--166 and DOI.
arco,Configuration Synthesis for Programmable Analog Devices with {Arco},2016,inproceedings,https://doi.org/10.1145/2908080.2908116,https://doi.org/10.1145/2908080.2908116,Persistent identifier syntax/uniqueness and required local fields audited; fresh publisher-page fetch not claimed,Not counted as a full-text calibration source,none,2,2026-09-16,No special correction in the final targeted audit.
crosschannel,Exploiting Cross-Channel Quantizer Error Correlation in Time-Interleaved Analog-to-Digital Converters,2011,inproceedings,https://doi.org/10.1109/acssc.2011.6190056,https://doi.org/10.1109/acssc.2011.6190056,Persistent identifier and bibliographic fields audited; source provenance recorded in external_resources.csv,Full substantive source read for the recorded calibration role,adjacent full-paper calibration 2/5,5,2026-09-16,No special correction in the final targeted audit.
bennett1948,Spectra of Quantized Signals,1948,article,https://doi.org/10.1002/j.1538-7305.1948.tb01340.x,https://doi.org/10.1002/j.1538-7305.1948.tb01340.x,Persistent identifier syntax/uniqueness and required local fields audited; fresh publisher-page fetch not claimed,Not counted as a full-text calibration source,none,1,2026-09-16,No special correction in the final targeted audit.
grayneuhoff1998,Quantization,1998,article,https://doi.org/10.1109/18.720541,https://doi.org/10.1109/18.720541,Persistent identifier and bibliographic fields audited; source provenance recorded in external_resources.csv,Full substantive source read for the recorded calibration role,influential full-paper calibration 3/5,2,2026-09-16,No special correction in the final targeted audit.
widrowkollar2008,"Quantization Noise: Roundoff Error in Digital Computation, Signal Processing, Control, and Communications",2008,book,https://doi.org/10.1017/cbo9780511754661,https://doi.org/10.1017/cbo9780511754661,Persistent identifier syntax/uniqueness and required local fields audited; fresh publisher-page fetch not claimed,Not counted as a full-text calibration source,none,2,2026-09-16,No special correction in the final targeted audit.
sripad1977,A Necessary and Sufficient Condition for Quantization Errors to Be Uniform and White,1977,article,https://doi.org/10.1109/tassp.1977.1162997,https://doi.org/10.1109/tassp.1977.1162997,Persistent identifier syntax/uniqueness and required local fields audited; fresh publisher-page fetch not claimed,Not counted as a full-text calibration source,none,1,2026-09-16,No special correction in the final targeted audit.
gray1990,Quantization Noise Spectra,1990,article,https://doi.org/10.1109/18.59924,https://doi.org/10.1109/18.59924,Persistent identifier syntax/uniqueness and required local fields audited; fresh publisher-page fetch not claimed,Not counted as a full-text calibration source,none,1,2026-09-16,No special correction in the final targeted audit.
graystockham1993,Dithered Quantizers,1993,article,https://doi.org/10.1109/18.256489,https://doi.org/10.1109/18.256489,Persistent identifier syntax/uniqueness and required local fields audited; fresh publisher-page fetch not claimed,Not counted as a full-text calibration source,none,1,2026-09-16,No special correction in the final targeted audit.
lipshitz1992,Quantization and Dither: A Theoretical Survey,1992,article,https://www.aes.org/e-lib/browse.cfm?elib=7047,https://www.aes.org/e-lib/browse.cfm?elib=7047,AES E-Library archival record reverified; stable catalog URL retained,Not counted as a full-text calibration source,none,1,2026-09-16,No DOI asserted; AES catalog URL is the persistent public record used here.
wannamaker2000,A Theory of Nonsubtractive Dither,2000,article,https://doi.org/10.1109/78.823976,https://doi.org/10.1109/78.823976,Persistent identifier syntax/uniqueness and required local fields audited; fresh publisher-page fetch not claimed,Not counted as a full-text calibration source,none,1,2026-09-16,No special correction in the final targeted audit.
cousot1977,Abstract Interpretation: A Unified Lattice Model for Static Analysis of Programs by Construction or Approximation of Fixpoints,1977,inproceedings,https://doi.org/10.1145/512950.512973,https://doi.org/10.1145/512950.512973,Persistent identifier and bibliographic fields audited; source provenance recorded in external_resources.csv,Full substantive source read for the recorded calibration role,influential full-paper calibration 1/5,2,2026-09-16,No special correction in the final targeted audit.
cousot1979,Systematic Design of Program Analysis Frameworks,1979,inproceedings,https://doi.org/10.1145/567752.567778,https://doi.org/10.1145/567752.567778,Persistent identifier syntax/uniqueness and required local fields audited; fresh publisher-page fetch not claimed,Not counted as a full-text calibration source,none,1,2026-09-16,No special correction in the final targeted audit.
cousothalbwachs1978,Automatic Discovery of Linear Restraints among Variables of a Program,1978,inproceedings,https://doi.org/10.1145/512760.512770,https://doi.org/10.1145/512760.512770,Persistent identifier syntax/uniqueness and required local fields audited; fresh publisher-page fetch not claimed,Not counted as a full-text calibration source,none,1,2026-09-16,No special correction in the final targeted audit.
mine2001,The Octagon Abstract Domain,2001,inproceedings,https://doi.org/10.1109/wcre.2001.957836,https://doi.org/10.1109/wcre.2001.957836,Persistent identifier syntax/uniqueness and required local fields audited; fresh publisher-page fetch not claimed,Not counted as a full-text calibration source,none,1,2026-09-16,No special correction in the final targeted audit.
affine2004,Affine Arithmetic: Concepts and Applications,2004,article,https://doi.org/10.1023/b:numa.0000049462.70970.b6,https://doi.org/10.1023/b:numa.0000049462.70970.b6,Persistent identifier syntax/uniqueness and required local fields audited; fresh publisher-page fetch not claimed,Not counted as a full-text calibration source,none,2,2026-09-16,No special correction in the final targeted audit.
girard2005,Reachability of Uncertain Linear Systems Using Zonotopes,2005,inproceedings,https://doi.org/10.1007/978-3-540-31954-2_19,https://doi.org/10.1007/978-3-540-31954-2_19,Persistent identifier syntax/uniqueness and required local fields audited; fresh publisher-page fetch not claimed,Not counted as a full-text calibration source,none,1,2026-09-16,No special correction in the final targeted audit.
goubault2006,Static Analysis of Numerical Algorithms,2006,inproceedings,https://doi.org/10.1007/11823230_3,https://doi.org/10.1007/11823230_3,Persistent identifier syntax/uniqueness and required local fields audited; fresh publisher-page fetch not claimed,Not counted as a full-text calibration source,none,1,2026-09-16,No special correction in the final targeted audit.
goubault2011,Static Analysis of Finite Precision Computations,2011,inproceedings,https://doi.org/10.1007/978-3-642-18275-4_17,https://doi.org/10.1007/978-3-642-18275-4_17,Persistent identifier syntax/uniqueness and required local fields audited; fresh publisher-page fetch not claimed,Not counted as a full-text calibration source,none,1,2026-09-16,No special correction in the final targeted audit.
hickey2001,Interval Arithmetic: From Principles to Implementation,2001,article,https://doi.org/10.1145/502102.502106,https://doi.org/10.1145/502102.502106,Persistent identifier syntax/uniqueness and required local fields audited; fresh publisher-page fetch not claimed,Not counted as a full-text calibration source,none,1,2026-09-16,No special correction in the final targeted audit.
gappa2010,Certification of Bounds on Expressions Involving Rounded Operators,2010,article,https://doi.org/10.1145/1644001.1644003,https://doi.org/10.1145/1644001.1644003,Persistent identifier syntax/uniqueness and required local fields audited; fresh publisher-page fetch not claimed,Not counted as a full-text calibration source,none,1,2026-09-16,No special correction in the final targeted audit.
fptaylor,Rigorous Estimation of Floating-Point Round-Off Errors with Symbolic Taylor Expansions,2018,article,https://doi.org/10.1145/3230733,https://doi.org/10.1145/3230733,ACM publisher metadata reverified; article number and page count normalized,Not counted as a full-text calibration source,none,1,2026-09-16,"Recorded as ACM TOPLAS 41(1), Article 2, 39 pages."
soundreals,Sound Compilation of Reals,2014,inproceedings,https://doi.org/10.1145/2535838.2535874,https://doi.org/10.1145/2535838.2535874,Persistent identifier and bibliographic fields audited; source provenance recorded in external_resources.csv,Full substantive source read for the recorded calibration role,influential full-paper calibration 5/5,1,2026-09-16,No special correction in the final targeted audit.
compilerreals,Towards a Compiler for Reals,2017,article,https://doi.org/10.1145/3014426,https://doi.org/10.1145/3014426,Persistent identifier syntax/uniqueness and required local fields audited; fresh publisher-page fetch not claimed,Not counted as a full-text calibration source,none,1,2026-09-16,No special correction in the final targeted audit.
mixedrewrite,Sound Mixed-Precision Optimization with Rewriting,2018,inproceedings,https://doi.org/10.1109/iccps.2018.00028,https://doi.org/10.1109/iccps.2018.00028,Persistent identifier syntax/uniqueness and required local fields audited; fresh publisher-page fetch not claimed,Not counted as a full-text calibration source,none,2,2026-09-16,No special correction in the final targeted audit.
satire,Scalable yet Rigorous Floating-Point Error Analysis,2020,inproceedings,https://doi.org/10.1109/sc41405.2020.00055,https://doi.org/10.1109/sc41405.2020.00055,Persistent identifier syntax/uniqueness and required local fields audited; fresh publisher-page fetch not claimed,Not counted as a full-text calibration source,none,1,2026-09-16,No special correction in the final targeted audit.
flover,A Verified Certificate Checker for Finite-Precision Error Bounds in {Coq} and {HOL4},2018,inproceedings,https://doi.org/10.23919/fmcad.2018.8603019,https://doi.org/10.23919/fmcad.2018.8603019,Persistent identifier and bibliographic fields audited; source provenance recorded in external_resources.csv,Full substantive source read for the recorded calibration role,adjacent full-paper calibration 4/5,2,2026-09-16,No special correction in the final targeted audit.
flocq,{Flocq}: A Unified Library for Proving Floating-Point Algorithms in {Coq},2011,inproceedings,https://doi.org/10.1109/arith.2011.40,https://doi.org/10.1109/arith.2011.40,Persistent identifier syntax/uniqueness and required local fields audited; fresh publisher-page fetch not claimed,Not counted as a full-text calibration source,none,1,2026-09-16,No special correction in the final targeted audit.
vcfloat2,{VCFloat2}: Floating-Point Error Analysis in {Coq},2024,inproceedings,https://doi.org/10.1145/3636501.3636953,https://doi.org/10.1145/3636501.3636953,Persistent identifier syntax/uniqueness and required local fields audited; fresh publisher-page fetch not claimed,Not counted as a full-text calibration source,none,1,2026-09-16,No special correction in the final targeted audit.
coqinterval,Proving Bounds on Real-Valued Functions with Computations,2008,inproceedings,https://doi.org/10.1007/978-3-540-71070-7_2,https://doi.org/10.1007/978-3-540-71070-7_2,Springer publisher metadata reverified; IJCAR 2008 record replaces a conflated ITP/DOI record,Not counted as a full-text calibration source,none,1,2026-09-16,"Corrected from a conflated 2012 ITP/other-DOI record to Melquiond, IJCAR 2008, pp. 2--17."
herbgrind,Finding Root Causes of Floating Point Error with {Herbgrind},2018,inproceedings,https://doi.org/10.1145/3192366.3192411,https://doi.org/10.1145/3192366.3192411,Persistent identifier syntax/uniqueness and required local fields audited; fresh publisher-page fetch not claimed,Not counted as a full-text calibration source,none,1,2026-09-16,No special correction in the final targeted audit.
herbie,Automatically Improving Accuracy for Floating Point Expressions,2015,inproceedings,https://doi.org/10.1145/2737924.2737959,https://doi.org/10.1145/2737924.2737959,Persistent identifier syntax/uniqueness and required local fields audited; fresh publisher-page fetch not claimed,Not counted as a full-text calibration source,none,1,2026-09-16,No special correction in the final targeted audit.
precisa,An Abstract Interpretation Framework for the Round-Off Error Analysis of Floating-Point Programs,2018,inproceedings,https://doi.org/10.1007/978-3-319-73721-8_24,https://doi.org/10.1007/978-3-319-73721-8_24,Persistent identifier syntax/uniqueness and required local fields audited; fresh publisher-page fetch not claimed,Not counted as a full-text calibration source,none,1,2026-09-16,No special correction in the final targeted audit.
numfuzz,Numerical Fuzz: A Type System for Rounding Error Analysis,2024,article,https://doi.org/10.1145/3656456,https://doi.org/10.1145/3656456,Persistent identifier and bibliographic fields audited; source provenance recorded in external_resources.csv,Full substantive source read for the recorded calibration role,adjacent full-paper calibration 3/5,2,2026-09-16,No special correction in the final targeted audit.
bean,Bean: A Language for Backward Error Analysis,2025,article,https://doi.org/10.1145/3729324,https://doi.org/10.1145/3729324,Persistent identifier syntax/uniqueness and required local fields audited; fresh publisher-page fetch not claimed,Not counted as a full-text calibration source,none,1,2026-09-16,No special correction in the final targeted audit.
rely,Verifying Quantitative Reliability for Programs That Execute on Unreliable Hardware,2013,inproceedings,https://doi.org/10.1145/2509136.2509546,https://doi.org/10.1145/2509136.2509546,Persistent identifier syntax/uniqueness and required local fields audited; fresh publisher-page fetch not claimed,Not counted as a full-text calibration source,none,1,2026-09-16,No special correction in the final targeted audit.
enerj,{EnerJ}: Approximate Data Types for Safe and General Low-Power Computation,2011,inproceedings,https://doi.org/10.1145/1993498.1993518,https://doi.org/10.1145/1993498.1993518,Persistent identifier syntax/uniqueness and required local fields audited; fresh publisher-page fetch not claimed,Not counted as a full-text calibration source,none,1,2026-09-16,No special correction in the final targeted audit.
accept,{ACCEPT}: A Programmer-Guided Compiler Framework for Practical Approximate Computing,2015,techreport,https://dada.cs.washington.edu/research/tr/2015/01/UW-CSE-15-01-01.pdf,https://dada.cs.washington.edu/research/tr/2015/01/UW-CSE-15-01-01.pdf,University of Washington archival report and author listing reverified; false proceedings/DOI record removed,Archival PDF inspected for metadata and citation context; not counted in the 22-paper calibration,none,1,2026-09-16,Corrected to UW-CSE-15-01-01 technical report with seven authors; no invented DOI.
chisel,{Chisel}: Reliability- and Accuracy-Aware Optimization of Approximate Computational Kernels,2014,inproceedings,https://doi.org/10.1145/2660193.2660231,https://doi.org/10.1145/2660193.2660231,Persistent identifier syntax/uniqueness and required local fields audited; fresh publisher-page fetch not claimed,Not counted as a full-text calibration source,none,1,2026-09-16,No special correction in the final targeted audit.
mittal2016,A Survey of Techniques for Approximate Computing,2016,article,https://doi.org/10.1145/2893356,https://doi.org/10.1145/2893356,Persistent identifier syntax/uniqueness and required local fields audited; fresh publisher-page fetch not claimed,Not counted as a full-text calibration source,none,1,2026-09-16,No special correction in the final targeted audit.
precimonious,Precimonious: Tuning Assistant for Floating-Point Precision,2013,inproceedings,https://doi.org/10.1145/2503210.2503296,https://doi.org/10.1145/2503210.2503296,Persistent identifier and bibliographic fields audited; source provenance recorded in external_resources.csv,Full substantive source read for the recorded calibration role,influential full-paper calibration 4/5,1,2026-09-16,No special correction in the final targeted audit.
blame,Floating-Point Precision Tuning Using Blame Analysis,2016,inproceedings,https://doi.org/10.1145/2884781.2884850,https://doi.org/10.1145/2884781.2884850,Persistent identifier syntax/uniqueness and required local fields audited; fresh publisher-page fetch not claimed,Not counted as a full-text calibration source,none,1,2026-09-16,No special correction in the final targeted audit.
rigorousmixed,Rigorous Floating-Point Mixed-Precision Tuning,2017,inproceedings,https://doi.org/10.1145/3009837.3009846,https://doi.org/10.1145/3009837.3009846,Persistent identifier syntax/uniqueness and required local fields audited; fresh publisher-page fetch not claimed,Not counted as a full-text calibration source,none,2,2026-09-16,No special correction in the final targeted audit.
communitytuning,Exploiting Community Structure for Floating-Point Precision Tuning,2018,inproceedings,https://doi.org/10.1145/3213846.3213862,https://doi.org/10.1145/3213846.3213862,Persistent identifier syntax/uniqueness and required local fields audited; fresh publisher-page fetch not claimed,Not counted as a full-text calibration source,none,1,2026-09-16,No special correction in the final targeted audit.
costsoundness,Cost of Soundness in Mixed-Precision Tuning,2025,article,https://doi.org/10.1145/3763137,https://doi.org/10.1145/3763137,Persistent identifier and bibliographic fields audited; source provenance recorded in external_resources.csv,Full substantive source read for the recorded calibration role,adjacent full-paper calibration 5/5,1,2026-09-16,No special correction in the final targeted audit.
taffo,Dynamic Precision Autotuning with {TAFFO},2020,article,https://doi.org/10.1145/3388785,https://doi.org/10.1145/3388785,Persistent identifier and bibliographic fields audited; source provenance recorded in external_resources.csv,Full substantive source read for the recorded calibration role,TACO full-paper calibration 1/12,1,2026-09-16,No special correction in the final targeted audit.
gram,{GRAM}: A Framework for Dynamically Mixing Precisions in {GPU} Applications,2021,article,https://doi.org/10.1145/3441830,https://doi.org/10.1145/3441830,Persistent identifier and bibliographic fields audited; source provenance recorded in external_resources.csv,Full substantive source read for the recorded calibration role,TACO full-paper calibration 4/12,1,2026-09-16,No special correction in the final targeted audit.
angerd2017,A Framework for Automated and Controlled Floating-Point Accuracy Reduction in Graphics Applications on {GPUs},2017,article,https://doi.org/10.1145/3151032,https://doi.org/10.1145/3151032,Persistent identifier and bibliographic fields audited; source provenance recorded in external_resources.csv,Full substantive source read for the recorded calibration role,TACO full-paper calibration 5/12,1,2026-09-16,No special correction in the final targeted audit.
appspecific,Application-Specific Arithmetic in High-Level Synthesis Tools,2020,article,https://doi.org/10.1145/3377403,https://doi.org/10.1145/3377403,Persistent identifier and bibliographic fields audited; source provenance recorded in external_resources.csv,Full substantive source read for the recorded calibration role,TACO full-paper calibration 3/12,1,2026-09-16,No special correction in the final targeted audit.
fpdetect,{FPDetect}: Efficient Reasoning About Stencil Programs Using Selective Direct Evaluation,2020,article,https://doi.org/10.1145/3402451,https://doi.org/10.1145/3402451,Persistent identifier and bibliographic fields audited; source provenance recorded in external_resources.csv,Full substantive source read for the recorded calibration role,TACO full-paper calibration 2/12,1,2026-09-16,No special correction in the final targeted audit.
peri,{PERI}: A Configurable Posit Enabled {RISC-V} Core,2021,article,https://doi.org/10.1145/3446210,https://doi.org/10.1145/3446210,Persistent identifier and bibliographic fields audited; source provenance recorded in external_resources.csv,Full substantive source read for the recorded calibration role,TACO full-paper calibration 6/12,1,2026-09-16,No special correction in the final targeted audit.
rns2024,Fixed-Point Encoding and Architecture Exploration for Residue Number Systems,2024,article,https://doi.org/10.1145/3664923,https://doi.org/10.1145/3664923,Persistent identifier and bibliographic fields audited; source provenance recorded in external_resources.csv,Full substantive source read for the recorded calibration role,TACO full-paper calibration 7/12,1,2026-09-16,No special correction in the final targeted audit.
aster,Sound Mixed Fixed-Point Quantization of Neural Networks,2023,article,https://doi.org/10.1145/3609118,https://doi.org/10.1145/3609118,Persistent identifier syntax/uniqueness and required local fields audited; fresh publisher-page fetch not claimed,Not counted as a full-text calibration source,none,1,2026-09-16,No special correction in the final targeted audit.
smtfixed,An {SMT} Theory of Fixed-Point Arithmetic,2020,inproceedings,https://doi.org/10.1007/978-3-030-51074-9_2,https://doi.org/10.1007/978-3-030-51074-9_2,Persistent identifier syntax/uniqueness and required local fields audited; fresh publisher-page fetch not claimed,Not counted as a full-text calibration source,none,1,2026-09-16,No special correction in the final targeted audit.
floatx,{FloatX}: A {C++} Library for Customized Floating-Point Arithmetic,2019,article,https://doi.org/10.1145/3368086,https://doi.org/10.1145/3368086,ACM publisher metadata reverified; author list/article metadata/DOI corrected,Not counted as a full-text calibration source,none,1,2026-09-16,"Corrected to ACM TOMS 45(4), Article 40, 23 pages, 2019."
cpfloat,{CPFloat}: A {C} Library for Simulating Low-Precision Arithmetic,2023,article,https://doi.org/10.1145/3585515,https://doi.org/10.1145/3585515,ACM publisher metadata reverified; author list/title/article metadata/DOI corrected,Not counted as a full-text calibration source,none,1,2026-09-16,"Corrected to ACM TOMS 49(2), Article 18, 32 pages, 2023."
verificarlo,{Verificarlo}: Checking Floating Point Accuracy through Monte Carlo Arithmetic,2016,inproceedings,https://doi.org/10.1109/arith.2016.31,https://doi.org/10.1109/arith.2016.31,Persistent identifier syntax/uniqueness and required local fields audited; fresh publisher-page fetch not claimed,Not counted as a full-text calibration source,none,1,2026-09-16,No special correction in the final targeted audit.
cadna,{CADNA}: A Library for Estimating Round-Off Error Propagation,2008,article,https://doi.org/10.1016/j.cpc.2008.02.003,https://doi.org/10.1016/j.cpc.2008.02.003,Persistent identifier syntax/uniqueness and required local fields audited; fresh publisher-page fetch not claimed,Not counted as a full-text calibration source,none,1,2026-09-16,No special correction in the final targeted audit.
goldberg1991,What Every Computer Scientist Should Know About Floating-Point Arithmetic,1991,article,https://doi.org/10.1145/103162.103163,https://doi.org/10.1145/103162.103163,Persistent identifier and bibliographic fields audited; source provenance recorded in external_resources.csv,Full substantive source read for the recorded calibration role,influential full-paper calibration 2/5,1,2026-09-16,No special correction in the final targeted audit.
