strategy,rank,count,fraction,ratio
halfstep,1,502,1/502,1
halfstep,2,502,2/502,1
halfstep,3,502,3/502,1
halfstep,4,502,4/502,1
halfstep,5,502,5/502,1
halfstep,6,502,6/502,1
halfstep,7,502,7/502,1
halfstep,8,502,8/502,1
halfstep,9,502,9/502,1
halfstep,10,502,10/502,1
halfstep,11,502,11/502,1
halfstep,12,502,12/502,1
halfstep,13,502,13/502,1
halfstep,14,502,14/502,1
halfstep,15,502,15/502,1
halfstep,16,502,16/502,1
halfstep,17,502,17/502,1
halfstep,18,502,18/502,1
halfstep,19,502,19/502,1
halfstep,20,502,20/502,1
halfstep,21,502,21/502,1
halfstep,22,502,22/502,1
halfstep,23,502,23/502,1
halfstep,24,502,24/502,1
halfstep,25,502,25/502,1
halfstep,26,502,26/502,1
halfstep,27,502,27/502,1
halfstep,28,502,28/502,1
halfstep,29,502,29/502,1
halfstep,30,502,30/502,1
halfstep,31,502,31/502,1
halfstep,32,502,32/502,1
halfstep,33,502,33/502,1
halfstep,34,502,34/502,1
halfstep,35,502,35/502,1
halfstep,36,502,36/502,1
halfstep,37,502,37/502,1
halfstep,38,502,38/502,1
halfstep,39,502,39/502,1
halfstep,40,502,40/502,1
halfstep,41,502,41/502,1
halfstep,42,502,42/502,1
halfstep,43,502,43/502,1
halfstep,44,502,44/502,1
halfstep,45,502,45/502,1
halfstep,46,502,46/502,1
halfstep,47,502,47/502,1
halfstep,48,502,48/502,1
halfstep,49,502,49/502,1
halfstep,50,502,50/502,1
halfstep,51,502,51/502,1
halfstep,52,502,52/502,1
halfstep,53,502,53/502,1
halfstep,54,502,54/502,1
halfstep,55,502,55/502,1
halfstep,56,502,56/502,1
halfstep,57,502,57/502,1
halfstep,58,502,58/502,1
halfstep,59,502,59/502,1
halfstep,60,502,60/502,1
halfstep,61,502,61/502,1
halfstep,62,502,62/502,1
halfstep,63,502,63/502,1
halfstep,64,502,64/502,1
halfstep,65,502,65/502,1
halfstep,66,502,66/502,1
halfstep,67,502,67/502,1
halfstep,68,502,68/502,1
halfstep,69,502,69/502,1
halfstep,70,502,70/502,1
halfstep,71,502,71/502,1
halfstep,72,502,72/502,1
halfstep,73,502,73/502,1
halfstep,74,502,74/502,1
halfstep,75,502,75/502,1
halfstep,76,502,76/502,1
halfstep,77,502,77/502,1
halfstep,78,502,78/502,1
halfstep,79,502,79/502,1
halfstep,80,502,80/502,1
halfstep,81,502,81/502,1
halfstep,82,502,82/502,1
halfstep,83,502,83/502,1
halfstep,84,502,84/502,1
halfstep,85,502,85/502,1
halfstep,86,502,86/502,1
halfstep,87,502,87/502,1
halfstep,88,502,88/502,1
halfstep,89,502,89/502,1
halfstep,90,502,90/502,1
halfstep,91,502,91/502,1
halfstep,92,502,92/502,1
halfstep,93,502,93/502,1
halfstep,94,502,94/502,1
halfstep,95,502,95/502,1
halfstep,96,502,96/502,1
halfstep,97,502,97/502,1
halfstep,98,502,98/502,1
halfstep,99,502,99/502,1
halfstep,100,502,100/502,1
halfstep,101,502,101/502,1
halfstep,102,502,102/502,1
halfstep,103,502,103/502,1
halfstep,104,502,104/502,1
halfstep,105,502,105/502,1
halfstep,106,502,106/502,1
halfstep,107,502,107/502,1
halfstep,108,502,108/502,1
halfstep,109,502,109/502,1
halfstep,110,502,110/502,1
halfstep,111,502,111/502,1
halfstep,112,502,112/502,1
halfstep,113,502,113/502,1
halfstep,114,502,114/502,1
halfstep,115,502,115/502,237/236
halfstep,116,502,116/502,225/224
halfstep,117,502,117/502,201/200
halfstep,118,502,118/502,171/170
halfstep,119,502,119/502,143/142
halfstep,120,502,120/502,119/118
halfstep,121,502,121/502,107/106
halfstep,122,502,122/502,103/102
halfstep,123,502,123/502,197/195
halfstep,124,502,124/502,88/87
halfstep,125,502,125/502,171/169
halfstep,126,502,126/502,81/80
halfstep,127,502,127/502,81/80
halfstep,128,502,128/502,79/78
halfstep,129,502,129/502,377/372
halfstep,130,502,130/502,71/70
halfstep,131,502,131/502,69/68
halfstep,132,502,132/502,68/67
halfstep,133,502,133/502,56/55
halfstep,134,502,134/502,109/107
halfstep,135,502,135/502,107/105
halfstep,136,502,136/502,53/52
halfstep,137,502,137/502,51/50
halfstep,138,502,138/502,51/50
halfstep,139,502,139/502,49/48
halfstep,140,502,140/502,47/46
halfstep,141,502,141/502,45/44
halfstep,142,502,142/502,221/216
halfstep,143,502,143/502,85/83
halfstep,144,502,144/502,41/40
halfstep,145,502,145/502,79/77
halfstep,146,502,146/502,39/38
halfstep,147,502,147/502,37/36
halfstep,148,502,148/502,37/36
halfstep,149,502,149/502,35/34
halfstep,150,502,150/502,35/34
halfstep,151,502,151/502,35/34
halfstep,152,502,152/502,101/98
halfstep,153,502,153/502,67/65
halfstep,154,502,154/502,32/31
halfstep,155,502,155/502,125/121
halfstep,156,502,156/502,31/30
halfstep,157,502,157/502,585/566
halfstep,158,502,158/502,59/57
halfstep,159,502,159/502,29/28
halfstep,160,502,160/502,29/28
halfstep,161,502,161/502,28/27
halfstep,162,502,162/502,191/184
halfstep,163,502,163/502,136/131
halfstep,164,502,164/502,27/26
halfstep,165,502,165/502,107/103
halfstep,166,502,166/502,26/25
halfstep,167,502,167/502,26/25
halfstep,168,502,168/502,25/24
halfstep,169,502,169/502,25/24
halfstep,170,502,170/502,25/24
halfstep,171,502,171/502,74/71
halfstep,172,502,172/502,172/165
halfstep,173,502,173/502,23/22
halfstep,174,502,174/502,22/21
halfstep,175,502,175/502,108/103
halfstep,176,502,176/502,85/81
halfstep,177,502,177/502,21/20
halfstep,178,502,178/502,21/20
halfstep,179,502,179/502,101/96
halfstep,180,502,180/502,161/153
halfstep,181,502,181/502,20/19
halfstep,182,502,182/502,20/19
halfstep,183,502,183/502,20/19
halfstep,184,502,184/502,79/75
halfstep,185,502,185/502,157/149
halfstep,186,502,186/502,157/149
halfstep,187,502,187/502,39/37
halfstep,188,502,188/502,19/18
halfstep,189,502,189/502,19/18
halfstep,190,502,190/502,94/89
halfstep,191,502,191/502,131/124
halfstep,192,502,192/502,18/17
halfstep,193,502,193/502,18/17
halfstep,194,502,194/502,18/17
halfstep,195,502,195/502,17/16
halfstep,196,502,196/502,84/79
halfstep,197,502,197/502,352/331
halfstep,198,502,198/502,33/31
halfstep,199,502,199/502,16/15
halfstep,200,502,200/502,456/427
halfstep,201,502,201/502,47/44
halfstep,202,502,202/502,47/44
halfstep,203,502,203/502,31/29
halfstep,204,502,204/502,15/14
halfstep,205,502,205/502,186/173
halfstep,206,502,206/502,57/53
halfstep,207,502,207/502,99/92
halfstep,208,502,208/502,41/38
halfstep,209,502,209/502,2013/1864
halfstep,210,502,210/502,119/110
halfstep,211,502,211/502,327/302
halfstep,212,502,212/502,13/12
halfstep,213,502,213/502,13/12
halfstep,214,502,214/502,13/12
halfstep,215,502,215/502,13/12
halfstep,216,502,216/502,38/35
halfstep,217,502,217/502,25/23
halfstep,218,502,218/502,62/57
halfstep,219,502,219/502,173/159
halfstep,220,502,220/502,625/574
halfstep,221,502,221/502,12/11
halfstep,222,502,222/502,12/11
halfstep,223,502,223/502,12/11
halfstep,224,502,224/502,12/11
halfstep,225,502,225/502,483/442
halfstep,226,502,226/502,23/21
halfstep,227,502,227/502,11/10
halfstep,228,502,228/502,65/59
halfstep,229,502,229/502,248/225
halfstep,230,502,230/502,43/39
halfstep,231,502,231/502,43/39
halfstep,232,502,232/502,971/880
halfstep,233,502,233/502,85/77
halfstep,234,502,234/502,21/19
halfstep,235,502,235/502,199/180
halfstep,236,502,236/502,167/151
halfstep,237,502,237/502,83/75
halfstep,238,502,238/502,31/28
halfstep,239,502,239/502,31/28
halfstep,240,502,240/502,133/120
halfstep,241,502,241/502,71/64
halfstep,242,502,242/502,111/100
halfstep,243,502,243/502,795/716
halfstep,244,502,244/502,10/9
halfstep,245,502,245/502,10/9
halfstep,246,502,246/502,246/221
halfstep,247,502,247/502,49/44
halfstep,248,502,248/502,571/512
halfstep,249,502,249/502,183/164
halfstep,250,502,250/502,162/145
halfstep,251,502,251/502,19/17
halfstep,252,502,252/502,19/17
halfstep,253,502,253/502,19/17
halfstep,254,502,254/502,199/178
halfstep,255,502,255/502,28/25
halfstep,256,502,256/502,601/536
halfstep,257,502,257/502,155/138
halfstep,258,502,258/502,9/8
halfstep,259,502,259/502,167/148
halfstep,260,502,260/502,200/177
halfstep,261,502,261/502,26/23
halfstep,262,502,262/502,17/15
halfstep,263,502,263/502,17/15
halfstep,264,502,264/502,17/15
halfstep,265,502,265/502,17/15
halfstep,266,502,266/502,229/202
halfstep,267,502,267/502,25/22
halfstep,268,502,268/502,527/463
halfstep,269,502,269/502,74/65
halfstep,270,502,270/502,203/178
halfstep,271,502,271/502,73/64
halfstep,272,502,272/502,161/141
halfstep,273,502,273/502,8/7
halfstep,274,502,274/502,8/7
halfstep,275,502,275/502,8/7
halfstep,276,502,276/502,87/76
halfstep,277,502,277/502,55/48
halfstep,278,502,278/502,177/154
halfstep,279,502,279/502,23/20
halfstep,280,502,280/502,23/20
halfstep,281,502,281/502,99/86
halfstep,282,502,282/502,175/152
halfstep,283,502,283/502,38/33
halfstep,284,502,284/502,341/296
halfstep,285,502,285/502,127/110
halfstep,286,502,286/502,59/51
halfstep,287,502,287/502,184/159
halfstep,288,502,288/502,167/144
halfstep,289,502,289/502,65/56
halfstep,290,502,290/502,65/56
halfstep,291,502,291/502,409/352
halfstep,292,502,292/502,71/61
halfstep,293,502,293/502,7/6
halfstep,294,502,294/502,7/6
halfstep,295,502,295/502,7/6
halfstep,296,502,296/502,173/148
halfstep,297,502,297/502,117/100
halfstep,298,502,298/502,48/41
halfstep,299,502,299/502,397/339
halfstep,300,502,300/502,993/847
halfstep,301,502,301/502,169/144
halfstep,302,502,302/502,47/40
halfstep,303,502,303/502,13/11
halfstep,304,502,304/502,13/11
halfstep,305,502,305/502,123/104
halfstep,306,502,306/502,32/27
halfstep,307,502,307/502,549/463
halfstep,308,502,308/502,184/155
halfstep,309,502,309/502,387/326
halfstep,310,502,310/502,82/69
halfstep,311,502,311/502,63/53
halfstep,312,502,312/502,25/21
halfstep,313,502,313/502,25/21
halfstep,314,502,314/502,143/120
halfstep,315,502,315/502,191/160
halfstep,316,502,316/502,203/170
halfstep,317,502,317/502,43/36
halfstep,318,502,318/502,55/46
halfstep,319,502,319/502,427/356
halfstep,320,502,320/502,6/5
halfstep,321,502,321/502,6/5
halfstep,322,502,322/502,6/5
halfstep,323,502,323/502,370/307
halfstep,324,502,324/502,323/268
halfstep,325,502,325/502,345/286
halfstep,326,502,326/502,64/53
halfstep,327,502,327/502,93/77
halfstep,328,502,328/502,93/77
halfstep,329,502,329/502,97/80
halfstep,330,502,330/502,97/80
halfstep,331,502,331/502,130/107
halfstep,332,502,332/502,39/32
halfstep,333,502,333/502,11/9
halfstep,334,502,334/502,11/9
halfstep,335,502,335/502,11/9
halfstep,336,502,336/502,263/215
halfstep,337,502,337/502,93/76
halfstep,338,502,338/502,175/143
halfstep,339,502,339/502,628/513
halfstep,340,502,340/502,38/31
halfstep,341,502,341/502,137/111
halfstep,342,502,342/502,446/361
halfstep,343,502,343/502,278/225
halfstep,344,502,344/502,621/502
halfstep,345,502,345/502,764/617
halfstep,346,502,346/502,31/25
halfstep,347,502,347/502,520/419
halfstep,348,502,348/502,137/110
halfstep,349,502,349/502,147/118
halfstep,350,502,350/502,96/77
halfstep,351,502,351/502,5/4
halfstep,352,502,352/502,5/4
halfstep,353,502,353/502,5/4
halfstep,354,502,354/502,5/4
halfstep,355,502,355/502,5/4
halfstep,356,502,356/502,5/4
halfstep,357,502,357/502,5/4
halfstep,358,502,358/502,5/4
halfstep,359,502,359/502,141/112
halfstep,360,502,360/502,82/65
halfstep,361,502,361/502,101/80
halfstep,362,502,362/502,105/83
halfstep,363,502,363/502,37/29
halfstep,364,502,364/502,73/57
halfstep,365,502,365/502,41/32
halfstep,366,502,366/502,109/85
halfstep,367,502,367/502,127/99
halfstep,368,502,368/502,77/60
halfstep,369,502,369/502,130/101
halfstep,370,502,370/502,451/350
halfstep,371,502,371/502,58/45
halfstep,372,502,372/502,311/241
halfstep,373,502,373/502,568/439
halfstep,374,502,374/502,35/27
halfstep,375,502,375/502,61/47
halfstep,376,502,376/502,74/57
halfstep,377,502,377/502,113/87
halfstep,378,502,378/502,69/53
halfstep,379,502,379/502,111/85
halfstep,380,502,380/502,213/163
halfstep,381,502,381/502,413/316
halfstep,382,502,382/502,17/13
halfstep,383,502,383/502,59/45
halfstep,384,502,384/502,211/160
halfstep,385,502,385/502,33/25
halfstep,386,502,386/502,53/40
halfstep,387,502,387/502,65/49
halfstep,388,502,388/502,73/55
halfstep,389,502,389/502,876/659
halfstep,390,502,390/502,4/3
halfstep,391,502,391/502,4/3
halfstep,392,502,392/502,4/3
halfstep,393,502,393/502,4/3
halfstep,394,502,394/502,457/342
halfstep,395,502,395/502,83/62
halfstep,396,502,396/502,90/67
halfstep,397,502,397/502,50/37
halfstep,398,502,398/502,23/17
halfstep,399,502,399/502,61/45
halfstep,400,502,400/502,613/452
halfstep,401,502,401/502,352/259
halfstep,402,502,402/502,15/11
halfstep,403,502,403/502,59/43
halfstep,404,502,404/502,11/8
halfstep,405,502,405/502,11/8
halfstep,406,502,406/502,51/37
halfstep,407,502,407/502,147/106
halfstep,408,502,408/502,43/31
halfstep,409,502,409/502,43/31
halfstep,410,502,410/502,68/49
halfstep,411,502,411/502,1091/786
halfstep,412,502,412/502,118/85
halfstep,413,502,413/502,311/224
halfstep,414,502,414/502,25/18
halfstep,415,502,415/502,1009/723
halfstep,416,502,416/502,59/42
halfstep,417,502,417/502,69/49
halfstep,418,502,418/502,31/22
halfstep,419,502,419/502,117/83
halfstep,420,502,420/502,275/194
halfstep,421,502,421/502,27/19
halfstep,422,502,422/502,225/158
halfstep,423,502,423/502,505/354
halfstep,424,502,424/502,137/96
halfstep,425,502,425/502,83/58
halfstep,426,502,426/502,53/37
halfstep,427,502,427/502,43/30
halfstep,428,502,428/502,43/30
halfstep,429,502,429/502,55/38
halfstep,430,502,430/502,42/29
halfstep,431,502,431/502,29/20
halfstep,432,502,432/502,29/20
halfstep,433,502,433/502,45/31
halfstep,434,502,434/502,217/149
halfstep,435,502,435/502,35/24
halfstep,436,502,436/502,73/50
halfstep,437,502,437/502,174/119
halfstep,438,502,438/502,570/389
halfstep,439,502,439/502,254/173
halfstep,440,502,440/502,210/143
halfstep,441,502,441/502,25/17
halfstep,442,502,442/502,53/36
halfstep,443,502,443/502,3/2
halfstep,444,502,444/502,3/2
halfstep,445,502,445/502,3/2
halfstep,446,502,446/502,3/2
halfstep,447,502,447/502,3/2
halfstep,448,502,448/502,139/92
halfstep,449,502,449/502,41/27
halfstep,450,502,450/502,38/25
halfstep,451,502,451/502,195/128
halfstep,452,502,452/502,90/59
halfstep,453,502,453/502,1294/839
halfstep,454,502,454/502,85/54
halfstep,455,502,455/502,112/71
halfstep,456,502,456/502,19/12
halfstep,457,502,457/502,51/32
halfstep,458,502,458/502,151/94
halfstep,459,502,459/502,45/28
halfstep,460,502,460/502,203/120
halfstep,461,502,461/502,80/47
halfstep,462,502,462/502,46/27
halfstep,463,502,463/502,75/44
halfstep,464,502,464/502,12/7
halfstep,465,502,465/502,31/18
halfstep,466,502,466/502,353/204
halfstep,467,502,467/502,7/4
halfstep,468,502,468/502,86/49
halfstep,469,502,469/502,72/41
halfstep,470,502,470/502,179/100
halfstep,471,502,471/502,83/46
halfstep,472,502,472/502,29/16
halfstep,473,502,473/502,107/59
halfstep,474,502,474/502,127/70
halfstep,475,502,475/502,351/190
halfstep,476,502,476/502,63/34
halfstep,477,502,477/502,153/82
halfstep,478,502,478/502,28/15
halfstep,479,502,479/502,23/12
halfstep,480,502,480/502,121/62
halfstep,481,502,481/502,49/25
halfstep,482,502,482/502,389/195
halfstep,483,502,483/502,92/45
halfstep,484,502,484/502,66/31
halfstep,485,502,485/502,43/20
halfstep,486,502,486/502,31/14
halfstep,487,502,487/502,657/296
halfstep,488,502,488/502,73/32
halfstep,489,502,489/502,63/26
halfstep,490,502,490/502,109/44
halfstep,491,502,491/502,25/9
halfstep,492,502,492/502,161/52
halfstep,493,502,493/502,449/100
halfstep,494,502,494/502,573/118
halfstep,495,502,495/502,39/8
halfstep,496,502,496/502,6
halfstep,497,502,497/502,6
halfstep,498,502,498/502,46/7
halfstep,499,502,499/502,8
halfstep,500,502,500/502,35/4
halfstep,501,502,501/502,45/4
halfstep,502,502,502/502,553/20
marginal,1,502,1/502,1
marginal,2,502,2/502,1
marginal,3,502,3/502,1
marginal,4,502,4/502,1
marginal,5,502,5/502,1
marginal,6,502,6/502,1
marginal,7,502,7/502,1
marginal,8,502,8/502,1
marginal,9,502,9/502,1
marginal,10,502,10/502,1
marginal,11,502,11/502,1
marginal,12,502,12/502,1
marginal,13,502,13/502,1
marginal,14,502,14/502,1
marginal,15,502,15/502,1
marginal,16,502,16/502,1
marginal,17,502,17/502,1
marginal,18,502,18/502,1
marginal,19,502,19/502,1
marginal,20,502,20/502,1
marginal,21,502,21/502,1
marginal,22,502,22/502,1
marginal,23,502,23/502,1
marginal,24,502,24/502,1
marginal,25,502,25/502,1
marginal,26,502,26/502,1
marginal,27,502,27/502,1
marginal,28,502,28/502,1
marginal,29,502,29/502,1
marginal,30,502,30/502,1
marginal,31,502,31/502,1
marginal,32,502,32/502,1
marginal,33,502,33/502,1
marginal,34,502,34/502,1
marginal,35,502,35/502,1
marginal,36,502,36/502,1
marginal,37,502,37/502,1
marginal,38,502,38/502,1
marginal,39,502,39/502,1
marginal,40,502,40/502,1
marginal,41,502,41/502,1
marginal,42,502,42/502,1
marginal,43,502,43/502,1
marginal,44,502,44/502,1
marginal,45,502,45/502,1
marginal,46,502,46/502,1
marginal,47,502,47/502,1
marginal,48,502,48/502,1
marginal,49,502,49/502,1
marginal,50,502,50/502,1
marginal,51,502,51/502,1
marginal,52,502,52/502,1
marginal,53,502,53/502,1
marginal,54,502,54/502,1
marginal,55,502,55/502,1
marginal,56,502,56/502,1
marginal,57,502,57/502,1
marginal,58,502,58/502,1
marginal,59,502,59/502,1
marginal,60,502,60/502,1
marginal,61,502,61/502,1
marginal,62,502,62/502,1
marginal,63,502,63/502,1
marginal,64,502,64/502,1
marginal,65,502,65/502,1
marginal,66,502,66/502,1
marginal,67,502,67/502,1
marginal,68,502,68/502,1
marginal,69,502,69/502,1
marginal,70,502,70/502,1
marginal,71,502,71/502,1
marginal,72,502,72/502,1
marginal,73,502,73/502,1
marginal,74,502,74/502,1
marginal,75,502,75/502,1
marginal,76,502,76/502,1
marginal,77,502,77/502,1
marginal,78,502,78/502,1
marginal,79,502,79/502,1
marginal,80,502,80/502,1
marginal,81,502,81/502,1
marginal,82,502,82/502,1
marginal,83,502,83/502,1
marginal,84,502,84/502,1
marginal,85,502,85/502,1
marginal,86,502,86/502,1
marginal,87,502,87/502,1
marginal,88,502,88/502,1
marginal,89,502,89/502,1
marginal,90,502,90/502,1
marginal,91,502,91/502,1
marginal,92,502,92/502,1
marginal,93,502,93/502,1
marginal,94,502,94/502,1
marginal,95,502,95/502,1
marginal,96,502,96/502,1
marginal,97,502,97/502,1
marginal,98,502,98/502,1
marginal,99,502,99/502,1
marginal,100,502,100/502,1
marginal,101,502,101/502,1
marginal,102,502,102/502,1
marginal,103,502,103/502,1
marginal,104,502,104/502,1
marginal,105,502,105/502,1
marginal,106,502,106/502,1
marginal,107,502,107/502,1
marginal,108,502,108/502,171/170
marginal,109,502,109/502,119/118
marginal,110,502,110/502,103/102
marginal,111,502,111/502,197/195
marginal,112,502,112/502,171/169
marginal,113,502,113/502,81/80
marginal,114,502,114/502,79/78
marginal,115,502,115/502,71/70
marginal,116,502,116/502,68/67
marginal,117,502,117/502,63/62
marginal,118,502,118/502,53/52
marginal,119,502,119/502,51/50
marginal,120,502,120/502,47/46
marginal,121,502,121/502,85/83
marginal,122,502,122/502,37/36
marginal,123,502,123/502,35/34
marginal,124,502,124/502,35/34
marginal,125,502,125/502,67/65
marginal,126,502,126/502,65/63
marginal,127,502,127/502,32/31
marginal,128,502,128/502,31/30
marginal,129,502,129/502,29/28
marginal,130,502,130/502,28/27
marginal,131,502,131/502,245/236
marginal,132,502,132/502,27/26
marginal,133,502,133/502,107/103
marginal,134,502,134/502,183/176
marginal,135,502,135/502,26/25
marginal,136,502,136/502,25/24
marginal,137,502,137/502,74/71
marginal,138,502,138/502,62/59
marginal,139,502,139/502,41/39
marginal,140,502,140/502,182/173
marginal,141,502,141/502,101/96
marginal,142,502,142/502,59/56
marginal,143,502,143/502,157/149
marginal,144,502,144/502,39/37
marginal,145,502,145/502,19/18
marginal,146,502,146/502,464/439
marginal,147,502,147/502,18/17
marginal,148,502,148/502,18/17
marginal,149,502,149/502,33/31
marginal,150,502,150/502,47/44
marginal,151,502,151/502,14/13
marginal,152,502,152/502,83/77
marginal,153,502,153/502,13/12
marginal,154,502,154/502,217/200
marginal,155,502,155/502,12/11
marginal,156,502,156/502,167/153
marginal,157,502,157/502,57/52
marginal,158,502,158/502,43/39
marginal,159,502,159/502,167/151
marginal,160,502,160/502,31/28
marginal,161,502,161/502,10/9
marginal,162,502,162/502,49/44
marginal,163,502,163/502,19/17
marginal,164,502,164/502,518/463
marginal,165,502,165/502,9/8
marginal,166,502,166/502,71/63
marginal,167,502,167/502,200/177
marginal,168,502,168/502,121/107
marginal,169,502,169/502,43/38
marginal,170,502,170/502,641/566
marginal,171,502,171/502,17/15
marginal,172,502,172/502,229/202
marginal,173,502,173/502,25/22
marginal,174,502,174/502,25/22
marginal,175,502,175/502,355/312
marginal,176,502,176/502,33/29
marginal,177,502,177/502,181/159
marginal,178,502,178/502,1003/880
marginal,179,502,179/502,73/64
marginal,180,502,180/502,233/204
marginal,181,502,181/502,8/7
marginal,182,502,182/502,819/716
marginal,183,502,183/502,55/48
marginal,184,502,184/502,2141/1864
marginal,185,502,185/502,347/302
marginal,186,502,186/502,23/20
marginal,187,502,187/502,187/160
marginal,188,502,188/502,993/847
marginal,189,502,189/502,169/144
marginal,190,502,190/502,121/103
marginal,191,502,191/502,47/40
marginal,192,502,192/502,221/188
marginal,193,502,193/502,32/27
marginal,194,502,194/502,19/16
marginal,195,502,195/502,82/69
marginal,196,502,196/502,157/132
marginal,197,502,197/502,156/131
marginal,198,502,198/502,141/118
marginal,199,502,199/502,6/5
marginal,200,502,200/502,6/5
marginal,201,502,201/502,171/142
marginal,202,502,202/502,93/77
marginal,203,502,203/502,121/100
marginal,204,502,204/502,167/138
marginal,205,502,205/502,23/19
marginal,206,502,206/502,96/79
marginal,207,502,207/502,39/32
marginal,208,502,208/502,39/32
marginal,209,502,209/502,539/442
marginal,210,502,210/502,11/9
marginal,211,502,211/502,49/40
marginal,212,502,212/502,38/31
marginal,213,502,213/502,65/53
marginal,214,502,214/502,27/22
marginal,215,502,215/502,70/57
marginal,216,502,216/502,219/178
marginal,217,502,217/502,709/574
marginal,218,502,218/502,21/17
marginal,219,502,219/502,278/225
marginal,220,502,220/502,71/57
marginal,221,502,221/502,147/118
marginal,222,502,222/502,96/77
marginal,223,502,223/502,5/4
marginal,224,502,224/502,5/4
marginal,225,502,225/502,5/4
marginal,226,502,226/502,5/4
marginal,227,502,227/502,134/107
marginal,228,502,228/502,39/31
marginal,229,502,229/502,63/50
marginal,230,502,230/502,29/23
marginal,231,502,231/502,29/23
marginal,232,502,232/502,82/65
marginal,233,502,233/502,19/15
marginal,234,502,234/502,189/149
marginal,235,502,235/502,651/512
marginal,236,502,236/502,14/11
marginal,237,502,237/502,377/296
marginal,238,502,238/502,65/51
marginal,239,502,239/502,365/286
marginal,240,502,240/502,9/7
marginal,241,502,241/502,664/513
marginal,242,502,242/502,188/145
marginal,243,502,243/502,21/16
marginal,244,502,244/502,21/16
marginal,245,502,245/502,163/124
marginal,246,502,246/502,609/463
marginal,247,502,247/502,29/22
marginal,248,502,248/502,41/31
marginal,249,502,249/502,73/55
marginal,250,502,250/502,101/76
marginal,251,502,251/502,294/221
marginal,252,502,252/502,197/148
marginal,253,502,253/502,4/3
marginal,254,502,254/502,4/3
marginal,255,502,255/502,4/3
marginal,256,502,256/502,119/89
marginal,257,502,257/502,103/77
marginal,258,502,258/502,51/38
marginal,259,502,259/502,143/106
marginal,260,502,260/502,27/20
marginal,261,502,261/502,191/141
marginal,262,502,262/502,19/14
marginal,263,502,263/502,53/39
marginal,264,502,264/502,53/39
marginal,265,502,265/502,143/105
marginal,266,502,266/502,143/105
marginal,267,502,267/502,405/296
marginal,268,502,268/502,11/8
marginal,269,502,269/502,371/268
marginal,270,502,270/502,18/13
marginal,271,502,271/502,118/85
marginal,272,502,272/502,107/77
marginal,273,502,273/502,57/41
marginal,274,502,274/502,167/120
marginal,275,502,275/502,39/28
marginal,276,502,276/502,53/38
marginal,277,502,277/502,67/48
marginal,278,502,278/502,137/98
marginal,279,502,279/502,586/419
marginal,280,502,280/502,7/5
marginal,281,502,281/502,7/5
marginal,282,502,282/502,59/42
marginal,283,502,283/502,83/59
marginal,284,502,284/502,283/200
marginal,285,502,285/502,61/43
marginal,286,502,286/502,44/31
marginal,287,502,287/502,368/259
marginal,288,502,288/502,27/19
marginal,289,502,289/502,246/173
marginal,290,502,290/502,137/96
marginal,291,502,291/502,173/121
marginal,292,502,292/502,43/30
marginal,293,502,293/502,205/143
marginal,294,502,294/502,23/16
marginal,295,502,295/502,23/16
marginal,296,502,296/502,36/25
marginal,297,502,297/502,88/61
marginal,298,502,298/502,179/124
marginal,299,502,299/502,13/9
marginal,300,502,300/502,224/155
marginal,301,502,301/502,83/57
marginal,302,502,302/502,67/46
marginal,303,502,303/502,73/50
marginal,304,502,304/502,113/77
marginal,305,502,305/502,317/216
marginal,306,502,306/502,210/143
marginal,307,502,307/502,25/17
marginal,308,502,308/502,25/17
marginal,309,502,309/502,28/19
marginal,310,502,310/502,244/165
marginal,311,502,311/502,793/536
marginal,312,502,312/502,43/29
marginal,313,502,313/502,55/37
marginal,314,502,314/502,103/69
marginal,315,502,315/502,239/160
marginal,316,502,316/502,121/81
marginal,317,502,317/502,3/2
marginal,318,502,318/502,3/2
marginal,319,502,319/502,3/2
marginal,320,502,320/502,3/2
marginal,321,502,321/502,3/2
marginal,322,502,322/502,271/180
marginal,323,502,323/502,151/100
marginal,324,502,324/502,47/31
marginal,325,502,325/502,167/110
marginal,326,502,326/502,41/27
marginal,327,502,327/502,35/23
marginal,328,502,328/502,195/128
marginal,329,502,329/502,84/55
marginal,330,502,330/502,249/163
marginal,331,502,331/502,81/53
marginal,332,502,332/502,344/225
marginal,333,502,333/502,23/15
marginal,334,502,334/502,299/194
marginal,335,502,335/502,474/307
marginal,336,502,336/502,14/9
marginal,337,502,337/502,39/25
marginal,338,502,338/502,61/39
marginal,339,502,339/502,69/44
marginal,340,502,340/502,11/7
marginal,341,502,341/502,41/26
marginal,342,502,342/502,235/149
marginal,343,502,343/502,157/99
marginal,344,502,344/502,46/29
marginal,345,502,345/502,119/75
marginal,346,502,346/502,407/255
marginal,347,502,347/502,91/57
marginal,348,502,348/502,147/92
marginal,349,502,349/502,8/5
marginal,350,502,350/502,8/5
marginal,351,502,351/502,8/5
marginal,352,502,352/502,8/5
marginal,353,502,353/502,1056/659
marginal,354,502,354/502,403/251
marginal,355,502,355/502,29/18
marginal,356,502,356/502,129/80
marginal,357,502,357/502,34/21
marginal,358,502,358/502,513/316
marginal,359,502,359/502,13/8
marginal,360,502,360/502,44/27
marginal,361,502,361/502,31/19
marginal,362,502,362/502,18/11
marginal,363,502,363/502,18/11
marginal,364,502,364/502,395/241
marginal,365,502,365/502,64/39
marginal,366,502,366/502,87/53
marginal,367,502,367/502,110/67
marginal,368,502,368/502,61/37
marginal,369,502,369/502,81/49
marginal,370,502,370/502,5/3
marginal,371,502,371/502,5/3
marginal,372,502,372/502,57/34
marginal,373,502,373/502,106/63
marginal,374,502,374/502,101/60
marginal,375,502,375/502,1414/839
marginal,376,502,376/502,49/29
marginal,377,502,377/502,574/339
marginal,378,502,378/502,29/17
marginal,379,502,379/502,601/352
marginal,380,502,380/502,403/236
marginal,381,502,381/502,43/25
marginal,382,502,382/502,174/101
marginal,383,502,383/502,19/11
marginal,384,502,384/502,193/111
marginal,385,502,385/502,576/331
marginal,386,502,386/502,180/103
marginal,387,502,387/502,7/4
marginal,388,502,388/502,7/4
marginal,389,502,389/502,7/4
marginal,390,502,390/502,7/4
marginal,391,502,391/502,7/4
marginal,392,502,392/502,1379/786
marginal,393,502,393/502,423/241
marginal,394,502,394/502,72/41
marginal,395,502,395/502,211/120
marginal,396,502,396/502,147/83
marginal,397,502,397/502,39/22
marginal,398,502,398/502,579/326
marginal,399,502,399/502,135/76
marginal,400,502,400/502,151/85
marginal,401,502,401/502,107/60
marginal,402,502,402/502,43/24
marginal,403,502,403/502,214/119
marginal,404,502,404/502,9/5
marginal,405,502,405/502,9/5
marginal,406,502,406/502,9/5
marginal,407,502,407/502,128/71
marginal,408,502,408/502,38/21
marginal,409,502,409/502,158/87
marginal,410,502,410/502,171/94
marginal,411,502,411/502,111/61
marginal,412,502,412/502,31/17
marginal,413,502,413/502,11/6
marginal,414,502,414/502,714/389
marginal,415,502,415/502,643/350
marginal,416,502,416/502,203/110
marginal,417,502,417/502,63/34
marginal,418,502,418/502,63/34
marginal,419,502,419/502,1148/617
marginal,420,502,420/502,166/89
marginal,421,502,421/502,92/49
marginal,422,502,422/502,297/158
marginal,423,502,423/502,17/9
marginal,424,502,424/502,213/112
marginal,425,502,425/502,351/184
marginal,426,502,426/502,153/80
marginal,427,502,427/502,35/18
marginal,428,502,428/502,39/20
marginal,429,502,429/502,289/148
marginal,430,502,430/502,43/22
marginal,431,502,431/502,49/25
marginal,432,502,432/502,55/28
marginal,433,502,433/502,710/361
marginal,434,502,434/502,901/452
marginal,435,502,435/502,2
marginal,436,502,436/502,2
marginal,437,502,437/502,715/356
marginal,438,502,438/502,151/75
marginal,439,502,439/502,113/56
marginal,440,502,440/502,81/40
marginal,441,502,441/502,73/36
marginal,442,502,442/502,49/24
marginal,443,502,443/502,41/20
marginal,444,502,444/502,122/59
marginal,445,502,445/502,103/49
marginal,446,502,446/502,219/104
marginal,447,502,447/502,183/86
marginal,448,502,448/502,15/7
marginal,449,502,449/502,99/46
marginal,450,502,450/502,287/132
marginal,451,502,451/502,98/45
marginal,452,502,452/502,59/27
marginal,453,502,453/502,116/53
marginal,454,502,454/502,39/17
marginal,455,502,455/502,365/159
marginal,456,502,456/502,99/43
marginal,457,502,457/502,7/3
marginal,458,502,458/502,7/3
marginal,459,502,459/502,45/19
marginal,460,502,460/502,119/50
marginal,461,502,461/502,74/31
marginal,462,502,462/502,12/5
marginal,463,502,463/502,5/2
marginal,464,502,464/502,5/2
marginal,465,502,465/502,103/41
marginal,466,502,466/502,88/35
marginal,467,502,467/502,149/59
marginal,468,502,468/502,18/7
marginal,469,502,469/502,199/77
marginal,470,502,470/502,83/32
marginal,471,502,471/502,13/5
marginal,472,502,472/502,8/3
marginal,473,502,473/502,8/3
marginal,474,502,474/502,27/10
marginal,475,502,475/502,19/7
marginal,476,502,476/502,68/25
marginal,477,502,477/502,11/4
marginal,478,502,478/502,11/4
marginal,479,502,479/502,136/49
marginal,480,502,480/502,25/9
marginal,481,502,481/502,133/47
marginal,482,502,482/502,17/6
marginal,483,502,483/502,43/15
marginal,484,502,484/502,313/106
marginal,485,502,485/502,3
marginal,486,502,486/502,3
marginal,487,502,487/502,3
marginal,488,502,488/502,113/36
marginal,489,502,489/502,36/11
marginal,490,502,490/502,37/11
marginal,491,502,491/502,374/111
marginal,492,502,492/502,4
marginal,493,502,493/502,33/8
marginal,494,502,494/502,73/17
marginal,495,502,495/502,9/2
marginal,496,502,496/502,14/3
marginal,497,502,497/502,71/15
marginal,498,502,498/502,26/5
marginal,499,502,499/502,101/17
marginal,500,502,500/502,9
marginal,501,502,501/502,13
marginal,502,502,502/502,33
residual,1,502,1/502,1
residual,2,502,2/502,1
residual,3,502,3/502,1
residual,4,502,4/502,1
residual,5,502,5/502,1
residual,6,502,6/502,1
residual,7,502,7/502,1
residual,8,502,8/502,1
residual,9,502,9/502,1
residual,10,502,10/502,1
residual,11,502,11/502,1
residual,12,502,12/502,1
residual,13,502,13/502,1
residual,14,502,14/502,1
residual,15,502,15/502,1
residual,16,502,16/502,1
residual,17,502,17/502,1
residual,18,502,18/502,1
residual,19,502,19/502,1
residual,20,502,20/502,1
residual,21,502,21/502,1
residual,22,502,22/502,1
residual,23,502,23/502,1
residual,24,502,24/502,1
residual,25,502,25/502,1
residual,26,502,26/502,1
residual,27,502,27/502,1
residual,28,502,28/502,1
residual,29,502,29/502,1
residual,30,502,30/502,1
residual,31,502,31/502,1
residual,32,502,32/502,1
residual,33,502,33/502,1
residual,34,502,34/502,1
residual,35,502,35/502,1
residual,36,502,36/502,1
residual,37,502,37/502,1
residual,38,502,38/502,1
residual,39,502,39/502,1
residual,40,502,40/502,1
residual,41,502,41/502,1
residual,42,502,42/502,1
residual,43,502,43/502,1
residual,44,502,44/502,1
residual,45,502,45/502,1
residual,46,502,46/502,1
residual,47,502,47/502,1
residual,48,502,48/502,1
residual,49,502,49/502,1
residual,50,502,50/502,1
residual,51,502,51/502,1
residual,52,502,52/502,1
residual,53,502,53/502,1
residual,54,502,54/502,1
residual,55,502,55/502,1
residual,56,502,56/502,1
residual,57,502,57/502,1
residual,58,502,58/502,1
residual,59,502,59/502,1
residual,60,502,60/502,1
residual,61,502,61/502,1
residual,62,502,62/502,1
residual,63,502,63/502,1
residual,64,502,64/502,1
residual,65,502,65/502,1
residual,66,502,66/502,1
residual,67,502,67/502,1
residual,68,502,68/502,1
residual,69,502,69/502,1
residual,70,502,70/502,1
residual,71,502,71/502,1
residual,72,502,72/502,1
residual,73,502,73/502,1
residual,74,502,74/502,1
residual,75,502,75/502,1
residual,76,502,76/502,1
residual,77,502,77/502,1
residual,78,502,78/502,1
residual,79,502,79/502,1
residual,80,502,80/502,1
residual,81,502,81/502,1
residual,82,502,82/502,1
residual,83,502,83/502,1
residual,84,502,84/502,1
residual,85,502,85/502,1
residual,86,502,86/502,1
residual,87,502,87/502,1
residual,88,502,88/502,1
residual,89,502,89/502,1
residual,90,502,90/502,1
residual,91,502,91/502,1
residual,92,502,92/502,1
residual,93,502,93/502,1
residual,94,502,94/502,1
residual,95,502,95/502,1
residual,96,502,96/502,1
residual,97,502,97/502,1
residual,98,502,98/502,1
residual,99,502,99/502,1
residual,100,502,100/502,1
residual,101,502,101/502,1
residual,102,502,102/502,1
residual,103,502,103/502,1
residual,104,502,104/502,1
residual,105,502,105/502,1
residual,106,502,106/502,1
residual,107,502,107/502,1
residual,108,502,108/502,1
residual,109,502,109/502,1
residual,110,502,110/502,1
residual,111,502,111/502,1
residual,112,502,112/502,1
residual,113,502,113/502,1
residual,114,502,114/502,1
residual,115,502,115/502,1
residual,116,502,116/502,1
residual,117,502,117/502,1
residual,118,502,118/502,237/236
residual,119,502,119/502,225/224
residual,120,502,120/502,201/200
residual,121,502,121/502,171/170
residual,122,502,122/502,143/142
residual,123,502,123/502,133/132
residual,124,502,124/502,119/118
residual,125,502,125/502,107/106
residual,126,502,126/502,103/102
residual,127,502,127/502,197/195
residual,128,502,128/502,88/87
residual,129,502,129/502,171/169
residual,130,502,130/502,81/80
residual,131,502,131/502,81/80
residual,132,502,132/502,79/78
residual,133,502,133/502,377/372
residual,134,502,134/502,71/70
residual,135,502,135/502,69/68
residual,136,502,136/502,68/67
residual,137,502,137/502,63/62
residual,138,502,138/502,56/55
residual,139,502,139/502,109/107
residual,140,502,140/502,107/105
residual,141,502,141/502,53/52
residual,142,502,142/502,51/50
residual,143,502,143/502,51/50
residual,144,502,144/502,49/48
residual,145,502,145/502,47/46
residual,146,502,146/502,45/44
residual,147,502,147/502,221/216
residual,148,502,148/502,85/83
residual,149,502,149/502,41/40
residual,150,502,150/502,79/77
residual,151,502,151/502,39/38
residual,152,502,152/502,37/36
residual,153,502,153/502,37/36
residual,154,502,154/502,35/34
residual,155,502,155/502,35/34
residual,156,502,156/502,35/34
residual,157,502,157/502,101/98
residual,158,502,158/502,67/65
residual,159,502,159/502,65/63
residual,160,502,160/502,32/31
residual,161,502,161/502,125/121
residual,162,502,162/502,31/30
residual,163,502,163/502,585/566
residual,164,502,164/502,59/57
residual,165,502,165/502,29/28
residual,166,502,166/502,29/28
residual,167,502,167/502,28/27
residual,168,502,168/502,191/184
residual,169,502,169/502,136/131
residual,170,502,170/502,27/26
residual,171,502,171/502,107/103
residual,172,502,172/502,26/25
residual,173,502,173/502,26/25
residual,174,502,174/502,25/24
residual,175,502,175/502,25/24
residual,176,502,176/502,25/24
residual,177,502,177/502,25/24
residual,178,502,178/502,74/71
residual,179,502,179/502,172/165
residual,180,502,180/502,23/22
residual,181,502,181/502,22/21
residual,182,502,182/502,108/103
residual,183,502,183/502,85/81
residual,184,502,184/502,21/20
residual,185,502,185/502,21/20
residual,186,502,186/502,185/176
residual,187,502,187/502,101/96
residual,188,502,188/502,161/153
residual,189,502,189/502,20/19
residual,190,502,190/502,20/19
residual,191,502,191/502,20/19
residual,192,502,192/502,79/75
residual,193,502,193/502,157/149
residual,194,502,194/502,157/149
residual,195,502,195/502,39/37
residual,196,502,196/502,19/18
residual,197,502,197/502,19/18
residual,198,502,198/502,94/89
residual,199,502,199/502,131/124
residual,200,502,200/502,464/439
residual,201,502,201/502,18/17
residual,202,502,202/502,18/17
residual,203,502,203/502,18/17
residual,204,502,204/502,53/50
residual,205,502,205/502,17/16
residual,206,502,206/502,84/79
residual,207,502,207/502,352/331
residual,208,502,208/502,33/31
residual,209,502,209/502,16/15
residual,210,502,210/502,456/427
residual,211,502,211/502,47/44
residual,212,502,212/502,31/29
residual,213,502,213/502,15/14
residual,214,502,214/502,186/173
residual,215,502,215/502,57/53
residual,216,502,216/502,99/92
residual,217,502,217/502,771/716
residual,218,502,218/502,41/38
residual,219,502,219/502,2013/1864
residual,220,502,220/502,119/110
residual,221,502,221/502,327/302
residual,222,502,222/502,13/12
residual,223,502,223/502,13/12
residual,224,502,224/502,13/12
residual,225,502,225/502,13/12
residual,226,502,226/502,38/35
residual,227,502,227/502,25/23
residual,228,502,228/502,25/23
residual,229,502,229/502,62/57
residual,230,502,230/502,173/159
residual,231,502,231/502,625/574
residual,232,502,232/502,12/11
residual,233,502,233/502,12/11
residual,234,502,234/502,12/11
residual,235,502,235/502,483/442
residual,236,502,236/502,23/21
residual,237,502,237/502,167/152
residual,238,502,238/502,11/10
residual,239,502,239/502,65/59
residual,240,502,240/502,248/225
residual,241,502,241/502,43/39
residual,242,502,242/502,43/39
residual,243,502,243/502,971/880
residual,244,502,244/502,85/77
residual,245,502,245/502,21/19
residual,246,502,246/502,199/180
residual,247,502,247/502,167/151
residual,248,502,248/502,83/75
residual,249,502,249/502,31/28
residual,250,502,250/502,31/28
residual,251,502,251/502,133/120
residual,252,502,252/502,71/64
residual,253,502,253/502,111/100
residual,254,502,254/502,10/9
residual,255,502,255/502,10/9
residual,256,502,256/502,466/419
residual,257,502,257/502,246/221
residual,258,502,258/502,49/44
residual,259,502,259/502,571/512
residual,260,502,260/502,183/164
residual,261,502,261/502,162/145
residual,262,502,262/502,19/17
residual,263,502,263/502,19/17
residual,264,502,264/502,19/17
residual,265,502,265/502,199/178
residual,266,502,266/502,518/463
residual,267,502,267/502,28/25
residual,268,502,268/502,601/536
residual,269,502,269/502,155/138
residual,270,502,270/502,9/8
residual,271,502,271/502,9/8
residual,272,502,272/502,167/148
residual,273,502,273/502,200/177
residual,274,502,274/502,26/23
residual,275,502,275/502,17/15
residual,276,502,276/502,17/15
residual,277,502,277/502,17/15
residual,278,502,278/502,17/15
residual,279,502,279/502,229/202
residual,280,502,280/502,127/112
residual,281,502,281/502,25/22
residual,282,502,282/502,25/22
residual,283,502,283/502,181/159
residual,284,502,284/502,74/65
residual,285,502,285/502,203/178
residual,286,502,286/502,73/64
residual,287,502,287/502,161/141
residual,288,502,288/502,8/7
residual,289,502,289/502,8/7
residual,290,502,290/502,8/7
residual,291,502,291/502,87/76
residual,292,502,292/502,55/48
residual,293,502,293/502,177/154
residual,294,502,294/502,23/20
residual,295,502,295/502,23/20
residual,296,502,296/502,99/86
residual,297,502,297/502,38/33
residual,298,502,298/502,341/296
residual,299,502,299/502,68/59
residual,300,502,300/502,127/110
residual,301,502,301/502,59/51
residual,302,502,302/502,167/144
residual,303,502,303/502,65/56
residual,304,502,304/502,65/56
residual,305,502,305/502,409/352
residual,306,502,306/502,71/61
residual,307,502,307/502,7/6
residual,308,502,308/502,7/6
residual,309,502,309/502,7/6
residual,310,502,310/502,173/148
residual,311,502,311/502,117/100
residual,312,502,312/502,48/41
residual,313,502,313/502,397/339
residual,314,502,314/502,993/847
residual,315,502,315/502,169/144
residual,316,502,316/502,47/40
residual,317,502,317/502,13/11
residual,318,502,318/502,13/11
residual,319,502,319/502,123/104
residual,320,502,320/502,549/463
residual,321,502,321/502,184/155
residual,322,502,322/502,387/326
residual,323,502,323/502,82/69
residual,324,502,324/502,63/53
residual,325,502,325/502,25/21
residual,326,502,326/502,143/120
residual,327,502,327/502,191/160
residual,328,502,328/502,203/170
residual,329,502,329/502,43/36
residual,330,502,330/502,55/46
residual,331,502,331/502,427/356
residual,332,502,332/502,6/5
residual,333,502,333/502,6/5
residual,334,502,334/502,6/5
residual,335,502,335/502,6/5
residual,336,502,336/502,370/307
residual,337,502,337/502,323/268
residual,338,502,338/502,345/286
residual,339,502,339/502,64/53
residual,340,502,340/502,93/77
residual,341,502,341/502,93/77
residual,342,502,342/502,97/80
residual,343,502,343/502,97/80
residual,344,502,344/502,97/80
residual,345,502,345/502,130/107
residual,346,502,346/502,101/83
residual,347,502,347/502,39/32
residual,348,502,348/502,11/9
residual,349,502,349/502,11/9
residual,350,502,350/502,11/9
residual,351,502,351/502,263/215
residual,352,502,352/502,93/76
residual,353,502,353/502,175/143
residual,354,502,354/502,628/513
residual,355,502,355/502,38/31
residual,356,502,356/502,137/111
residual,357,502,357/502,446/361
residual,358,502,358/502,278/225
residual,359,502,359/502,621/502
residual,360,502,360/502,764/617
residual,361,502,361/502,31/25
residual,362,502,362/502,147/118
residual,363,502,363/502,96/77
residual,364,502,364/502,126/101
residual,365,502,365/502,5/4
residual,366,502,366/502,5/4
residual,367,502,367/502,5/4
residual,368,502,368/502,5/4
residual,369,502,369/502,5/4
residual,370,502,370/502,5/4
residual,371,502,371/502,5/4
residual,372,502,372/502,39/31
residual,373,502,373/502,141/112
residual,374,502,374/502,82/65
residual,375,502,375/502,105/83
residual,376,502,376/502,19/15
residual,377,502,377/502,37/29
residual,378,502,378/502,73/57
residual,379,502,379/502,41/32
residual,380,502,380/502,41/32
residual,381,502,381/502,109/85
residual,382,502,382/502,127/99
residual,383,502,383/502,77/60
residual,384,502,384/502,581/452
residual,385,502,385/502,251/195
residual,386,502,386/502,451/350
residual,387,502,387/502,58/45
residual,388,502,388/502,311/241
residual,389,502,389/502,92/71
residual,390,502,390/502,35/27
residual,391,502,391/502,48/37
residual,392,502,392/502,61/47
residual,393,502,393/502,74/57
residual,394,502,394/502,113/87
residual,395,502,395/502,69/53
residual,396,502,396/502,125/96
residual,397,502,397/502,111/85
residual,398,502,398/502,213/163
residual,399,502,399/502,413/316
residual,400,502,400/502,387/296
residual,401,502,401/502,55/42
residual,402,502,402/502,33/25
residual,403,502,403/502,41/31
residual,404,502,404/502,41/31
residual,405,502,405/502,41/31
residual,406,502,406/502,53/40
residual,407,502,407/502,175/132
residual,408,502,408/502,65/49
residual,409,502,409/502,73/55
residual,410,502,410/502,876/659
residual,411,502,411/502,230/173
residual,412,502,412/502,205/154
residual,413,502,413/502,4/3
residual,414,502,414/502,4/3
residual,415,502,415/502,4/3
residual,416,502,416/502,4/3
residual,417,502,417/502,4/3
residual,418,502,418/502,457/342
residual,419,502,419/502,51/38
residual,420,502,420/502,90/67
residual,421,502,421/502,39/29
residual,422,502,422/502,50/37
residual,423,502,423/502,23/17
residual,424,502,424/502,61/45
residual,425,502,425/502,327/241
residual,426,502,426/502,15/11
residual,427,502,427/502,67/49
residual,428,502,428/502,145/106
residual,429,502,429/502,59/43
residual,430,502,430/502,217/158
residual,431,502,431/502,11/8
residual,432,502,432/502,11/8
residual,433,502,433/502,51/37
residual,434,502,434/502,68/49
residual,435,502,435/502,1091/786
residual,436,502,436/502,118/85
residual,437,502,437/502,25/18
residual,438,502,438/502,493/354
residual,439,502,439/502,271/194
residual,440,502,440/502,73/52
residual,441,502,441/502,31/22
residual,442,502,442/502,17/12
residual,443,502,443/502,27/19
residual,444,502,444/502,278/195
residual,445,502,445/502,117/82
residual,446,502,446/502,10/7
residual,447,502,447/502,143/100
residual,448,502,448/502,83/58
residual,449,502,449/502,53/37
residual,450,502,450/502,43/30
residual,451,502,451/502,43/30
residual,452,502,452/502,13/9
residual,453,502,453/502,13/9
residual,454,502,454/502,172/119
residual,455,502,455/502,29/20
residual,456,502,456/502,217/149
residual,457,502,457/502,73/50
residual,458,502,458/502,275/188
residual,459,502,459/502,79/54
residual,460,502,460/502,60/41
residual,461,502,461/502,41/28
residual,462,502,462/502,570/389
residual,463,502,463/502,210/143
residual,464,502,464/502,25/17
residual,465,502,465/502,53/36
residual,466,502,466/502,65/44
residual,467,502,467/502,139/94
residual,468,502,468/502,1246/839
residual,469,502,469/502,3/2
residual,470,502,470/502,3/2
residual,471,502,471/502,3/2
residual,472,502,472/502,3/2
residual,473,502,473/502,195/128
residual,474,502,474/502,90/59
residual,475,502,475/502,107/70
residual,476,502,476/502,31/20
residual,477,502,477/502,14/9
residual,478,502,478/502,187/120
residual,479,502,479/502,297/190
residual,480,502,480/502,69/44
residual,481,502,481/502,27/17
residual,482,502,482/502,51/32
residual,483,502,483/502,45/28
residual,484,502,484/502,51/31
residual,485,502,485/502,27/16
residual,486,502,486/502,46/27
residual,487,502,487/502,7/4
residual,488,502,488/502,86/49
residual,489,502,489/502,83/46
residual,490,502,490/502,28/15
residual,491,502,491/502,17/9
residual,492,502,492/502,51/26
residual,493,502,493/502,2
residual,494,502,494/502,2
residual,495,502,495/502,12/5
residual,496,502,496/502,257/100
residual,497,502,497/502,11/4
residual,498,502,498/502,29/10
residual,499,502,499/502,435/118
residual,500,502,500/502,4
residual,501,502,501/502,9/2
residual,502,502,502/502,241/20
separation,1,502,1/502,1
separation,2,502,2/502,1
separation,3,502,3/502,1
separation,4,502,4/502,1
separation,5,502,5/502,1
separation,6,502,6/502,1
separation,7,502,7/502,1
separation,8,502,8/502,1
separation,9,502,9/502,1
separation,10,502,10/502,1
separation,11,502,11/502,1
separation,12,502,12/502,1
separation,13,502,13/502,1
separation,14,502,14/502,1
separation,15,502,15/502,1
separation,16,502,16/502,1
separation,17,502,17/502,1
separation,18,502,18/502,1
separation,19,502,19/502,1
separation,20,502,20/502,1
separation,21,502,21/502,1
separation,22,502,22/502,1
separation,23,502,23/502,1
separation,24,502,24/502,1
separation,25,502,25/502,1
separation,26,502,26/502,1
separation,27,502,27/502,1
separation,28,502,28/502,1
separation,29,502,29/502,1
separation,30,502,30/502,1
separation,31,502,31/502,1
separation,32,502,32/502,1
separation,33,502,33/502,1
separation,34,502,34/502,1
separation,35,502,35/502,1
separation,36,502,36/502,1
separation,37,502,37/502,1
separation,38,502,38/502,1
separation,39,502,39/502,1
separation,40,502,40/502,1
separation,41,502,41/502,1
separation,42,502,42/502,1
separation,43,502,43/502,1
separation,44,502,44/502,1
separation,45,502,45/502,1
separation,46,502,46/502,1
separation,47,502,47/502,1
separation,48,502,48/502,1
separation,49,502,49/502,1
separation,50,502,50/502,1
separation,51,502,51/502,1
separation,52,502,52/502,1
separation,53,502,53/502,1
separation,54,502,54/502,1
separation,55,502,55/502,1
separation,56,502,56/502,1
separation,57,502,57/502,1
separation,58,502,58/502,1
separation,59,502,59/502,1
separation,60,502,60/502,1
separation,61,502,61/502,1
separation,62,502,62/502,1
separation,63,502,63/502,1
separation,64,502,64/502,1
separation,65,502,65/502,1
separation,66,502,66/502,1
separation,67,502,67/502,1
separation,68,502,68/502,1
separation,69,502,69/502,1
separation,70,502,70/502,1
separation,71,502,71/502,1
separation,72,502,72/502,1
separation,73,502,73/502,1
separation,74,502,74/502,1
separation,75,502,75/502,1
separation,76,502,76/502,1
separation,77,502,77/502,1
separation,78,502,78/502,1
separation,79,502,79/502,1
separation,80,502,80/502,1
separation,81,502,81/502,1
separation,82,502,82/502,1
separation,83,502,83/502,1
separation,84,502,84/502,1
separation,85,502,85/502,1
separation,86,502,86/502,1
separation,87,502,87/502,1
separation,88,502,88/502,1
separation,89,502,89/502,1
separation,90,502,90/502,1
separation,91,502,91/502,1
separation,92,502,92/502,1
separation,93,502,93/502,1
separation,94,502,94/502,1
separation,95,502,95/502,1
separation,96,502,96/502,1
separation,97,502,97/502,1
separation,98,502,98/502,1
separation,99,502,99/502,1
separation,100,502,100/502,1
separation,101,502,101/502,1
separation,102,502,102/502,1
separation,103,502,103/502,1
separation,104,502,104/502,1
separation,105,502,105/502,1
separation,106,502,106/502,1
separation,107,502,107/502,1
separation,108,502,108/502,1
separation,109,502,109/502,1
separation,110,502,110/502,1
separation,111,502,111/502,1
separation,112,502,112/502,1
separation,113,502,113/502,1
separation,114,502,114/502,1
separation,115,502,115/502,1
separation,116,502,116/502,1
separation,117,502,117/502,1
separation,118,502,118/502,1
separation,119,502,119/502,1
separation,120,502,120/502,1
separation,121,502,121/502,1
separation,122,502,122/502,1
separation,123,502,123/502,1
separation,124,502,124/502,1
separation,125,502,125/502,1
separation,126,502,126/502,1
separation,127,502,127/502,1
separation,128,502,128/502,1
separation,129,502,129/502,1
separation,130,502,130/502,1
separation,131,502,131/502,1
separation,132,502,132/502,1
separation,133,502,133/502,1
separation,134,502,134/502,1
separation,135,502,135/502,1
separation,136,502,136/502,1
separation,137,502,137/502,1
separation,138,502,138/502,1
separation,139,502,139/502,1
separation,140,502,140/502,1
separation,141,502,141/502,1
separation,142,502,142/502,1
separation,143,502,143/502,1
separation,144,502,144/502,1
separation,145,502,145/502,1
separation,146,502,146/502,1
separation,147,502,147/502,237/236
separation,148,502,148/502,225/224
separation,149,502,149/502,201/200
separation,150,502,150/502,171/170
separation,151,502,151/502,143/142
separation,152,502,152/502,133/132
separation,153,502,153/502,119/118
separation,154,502,154/502,107/106
separation,155,502,155/502,103/102
separation,156,502,156/502,197/195
separation,157,502,157/502,88/87
separation,158,502,158/502,171/169
separation,159,502,159/502,81/80
separation,160,502,160/502,79/78
separation,161,502,161/502,377/372
separation,162,502,162/502,71/70
separation,163,502,163/502,68/67
separation,164,502,164/502,63/62
separation,165,502,165/502,56/55
separation,166,502,166/502,109/107
separation,167,502,167/502,107/105
separation,168,502,168/502,53/52
separation,169,502,169/502,51/50
separation,170,502,170/502,51/50
separation,171,502,171/502,49/48
separation,172,502,172/502,47/46
separation,173,502,173/502,45/44
separation,174,502,174/502,221/216
separation,175,502,175/502,85/83
separation,176,502,176/502,41/40
separation,177,502,177/502,79/77
separation,178,502,178/502,39/38
separation,179,502,179/502,37/36
separation,180,502,180/502,37/36
separation,181,502,181/502,35/34
separation,182,502,182/502,35/34
separation,183,502,183/502,35/34
separation,184,502,184/502,101/98
separation,185,502,185/502,67/65
separation,186,502,186/502,65/63
separation,187,502,187/502,32/31
separation,188,502,188/502,32/31
separation,189,502,189/502,125/121
separation,190,502,190/502,31/30
separation,191,502,191/502,585/566
separation,192,502,192/502,59/57
separation,193,502,193/502,29/28
separation,194,502,194/502,28/27
separation,195,502,195/502,191/184
separation,196,502,196/502,136/131
separation,197,502,197/502,27/26
separation,198,502,198/502,107/103
separation,199,502,199/502,183/176
separation,200,502,200/502,26/25
separation,201,502,201/502,25/24
separation,202,502,202/502,25/24
separation,203,502,203/502,25/24
separation,204,502,204/502,74/71
separation,205,502,205/502,172/165
separation,206,502,206/502,23/22
separation,207,502,207/502,22/21
separation,208,502,208/502,108/103
separation,209,502,209/502,85/81
separation,210,502,210/502,21/20
separation,211,502,211/502,21/20
separation,212,502,212/502,62/59
separation,213,502,213/502,182/173
separation,214,502,214/502,101/96
separation,215,502,215/502,161/153
separation,216,502,216/502,20/19
separation,217,502,217/502,20/19
separation,218,502,218/502,20/19
separation,219,502,219/502,79/75
separation,220,502,220/502,59/56
separation,221,502,221/502,157/149
separation,222,502,222/502,157/149
separation,223,502,223/502,39/37
separation,224,502,224/502,19/18
separation,225,502,225/502,19/18
separation,226,502,226/502,94/89
separation,227,502,227/502,131/124
separation,228,502,228/502,464/439
separation,229,502,229/502,18/17
separation,230,502,230/502,18/17
separation,231,502,231/502,18/17
separation,232,502,232/502,17/16
separation,233,502,233/502,84/79
separation,234,502,234/502,352/331
separation,235,502,235/502,33/31
separation,236,502,236/502,16/15
separation,237,502,237/502,456/427
separation,238,502,238/502,47/44
separation,239,502,239/502,15/14
separation,240,502,240/502,186/173
separation,241,502,241/502,57/53
separation,242,502,242/502,99/92
separation,243,502,243/502,771/716
separation,244,502,244/502,14/13
separation,245,502,245/502,83/77
separation,246,502,246/502,41/38
separation,247,502,247/502,2013/1864
separation,248,502,248/502,119/110
separation,249,502,249/502,327/302
separation,250,502,250/502,13/12
separation,251,502,251/502,13/12
separation,252,502,252/502,13/12
separation,253,502,253/502,13/12
separation,254,502,254/502,38/35
separation,255,502,255/502,25/23
separation,256,502,256/502,62/57
separation,257,502,257/502,173/159
separation,258,502,258/502,625/574
separation,259,502,259/502,12/11
separation,260,502,260/502,12/11
separation,261,502,261/502,12/11
separation,262,502,262/502,483/442
separation,263,502,263/502,23/21
separation,264,502,264/502,57/52
separation,265,502,265/502,11/10
separation,266,502,266/502,65/59
separation,267,502,267/502,248/225
separation,268,502,268/502,43/39
separation,269,502,269/502,43/39
separation,270,502,270/502,971/880
separation,271,502,271/502,85/77
separation,272,502,272/502,21/19
separation,273,502,273/502,199/180
separation,274,502,274/502,167/151
separation,275,502,275/502,83/75
separation,276,502,276/502,31/28
separation,277,502,277/502,31/28
separation,278,502,278/502,133/120
separation,279,502,279/502,71/64
separation,280,502,280/502,111/100
separation,281,502,281/502,10/9
separation,282,502,282/502,10/9
separation,283,502,283/502,10/9
separation,284,502,284/502,466/419
separation,285,502,285/502,246/221
separation,286,502,286/502,49/44
separation,287,502,287/502,571/512
separation,288,502,288/502,183/164
separation,289,502,289/502,162/145
separation,290,502,290/502,19/17
separation,291,502,291/502,19/17
separation,292,502,292/502,19/17
separation,293,502,293/502,199/178
separation,294,502,294/502,518/463
separation,295,502,295/502,28/25
separation,296,502,296/502,601/536
separation,297,502,297/502,155/138
separation,298,502,298/502,9/8
separation,299,502,299/502,167/148
separation,300,502,300/502,200/177
separation,301,502,301/502,26/23
separation,302,502,302/502,17/15
separation,303,502,303/502,17/15
separation,304,502,304/502,17/15
separation,305,502,305/502,17/15
separation,306,502,306/502,229/202
separation,307,502,307/502,25/22
separation,308,502,308/502,25/22
separation,309,502,309/502,181/159
separation,310,502,310/502,74/65
separation,311,502,311/502,203/178
separation,312,502,312/502,73/64
separation,313,502,313/502,161/141
separation,314,502,314/502,8/7
separation,315,502,315/502,8/7
separation,316,502,316/502,87/76
separation,317,502,317/502,55/48
separation,318,502,318/502,177/154
separation,319,502,319/502,23/20
separation,320,502,320/502,23/20
separation,321,502,321/502,23/20
separation,322,502,322/502,99/86
separation,323,502,323/502,38/33
separation,324,502,324/502,341/296
separation,325,502,325/502,127/110
separation,326,502,326/502,59/51
separation,327,502,327/502,167/144
separation,328,502,328/502,65/56
separation,329,502,329/502,409/352
separation,330,502,330/502,71/61
separation,331,502,331/502,7/6
separation,332,502,332/502,7/6
separation,333,502,333/502,187/160
separation,334,502,334/502,173/148
separation,335,502,335/502,117/100
separation,336,502,336/502,48/41
separation,337,502,337/502,397/339
separation,338,502,338/502,993/847
separation,339,502,339/502,169/144
separation,340,502,340/502,47/40
separation,341,502,341/502,221/188
separation,342,502,342/502,13/11
separation,343,502,343/502,13/11
separation,344,502,344/502,123/104
separation,345,502,345/502,549/463
separation,346,502,346/502,184/155
separation,347,502,347/502,387/326
separation,348,502,348/502,82/69
separation,349,502,349/502,63/53
separation,350,502,350/502,25/21
separation,351,502,351/502,143/120
separation,352,502,352/502,191/160
separation,353,502,353/502,203/170
separation,354,502,354/502,141/118
separation,355,502,355/502,55/46
separation,356,502,356/502,427/356
separation,357,502,357/502,6/5
separation,358,502,358/502,6/5
separation,359,502,359/502,6/5
separation,360,502,360/502,370/307
separation,361,502,361/502,323/268
separation,362,502,362/502,345/286
separation,363,502,363/502,64/53
separation,364,502,364/502,93/77
separation,365,502,365/502,93/77
separation,366,502,366/502,97/80
separation,367,502,367/502,97/80
separation,368,502,368/502,97/80
separation,369,502,369/502,130/107
separation,370,502,370/502,39/32
separation,371,502,371/502,11/9
separation,372,502,372/502,11/9
separation,373,502,373/502,263/215
separation,374,502,374/502,93/76
separation,375,502,375/502,175/143
separation,376,502,376/502,628/513
separation,377,502,377/502,38/31
separation,378,502,378/502,38/31
separation,379,502,379/502,27/22
separation,380,502,380/502,137/111
separation,381,502,381/502,446/361
separation,382,502,382/502,278/225
separation,383,502,383/502,621/502
separation,384,502,384/502,764/617
separation,385,502,385/502,31/25
separation,386,502,386/502,147/118
separation,387,502,387/502,96/77
separation,388,502,388/502,126/101
separation,389,502,389/502,5/4
separation,390,502,390/502,5/4
separation,391,502,391/502,5/4
separation,392,502,392/502,5/4
separation,393,502,393/502,5/4
separation,394,502,394/502,5/4
separation,395,502,395/502,5/4
separation,396,502,396/502,39/31
separation,397,502,397/502,141/112
separation,398,502,398/502,82/65
separation,399,502,399/502,105/83
separation,400,502,400/502,19/15
separation,401,502,401/502,377/296
separation,402,502,402/502,37/29
separation,403,502,403/502,73/57
separation,404,502,404/502,41/32
separation,405,502,405/502,109/85
separation,406,502,406/502,127/99
separation,407,502,407/502,77/60
separation,408,502,408/502,581/452
separation,409,502,409/502,251/195
separation,410,502,410/502,451/350
separation,411,502,411/502,58/45
separation,412,502,412/502,311/241
separation,413,502,413/502,92/71
separation,414,502,414/502,35/27
separation,415,502,415/502,48/37
separation,416,502,416/502,61/47
separation,417,502,417/502,74/57
separation,418,502,418/502,113/87
separation,419,502,419/502,69/53
separation,420,502,420/502,125/96
separation,421,502,421/502,111/85
separation,422,502,422/502,213/163
separation,423,502,423/502,413/316
separation,424,502,424/502,55/42
separation,425,502,425/502,33/25
separation,426,502,426/502,41/31
separation,427,502,427/502,53/40
separation,428,502,428/502,175/132
separation,429,502,429/502,65/49
separation,430,502,430/502,73/55
separation,431,502,431/502,876/659
separation,432,502,432/502,4/3
separation,433,502,433/502,4/3
separation,434,502,434/502,4/3
separation,435,502,435/502,4/3
separation,436,502,436/502,4/3
separation,437,502,437/502,457/342
separation,438,502,438/502,51/38
separation,439,502,439/502,90/67
separation,440,502,440/502,50/37
separation,441,502,441/502,23/17
separation,442,502,442/502,61/45
separation,443,502,443/502,327/241
separation,444,502,444/502,15/11
separation,445,502,445/502,67/49
separation,446,502,446/502,145/106
separation,447,502,447/502,59/43
separation,448,502,448/502,217/158
separation,449,502,449/502,11/8
separation,450,502,450/502,11/8
separation,451,502,451/502,51/37
separation,452,502,452/502,68/49
separation,453,502,453/502,1091/786
separation,454,502,454/502,118/85
separation,455,502,455/502,25/18
separation,456,502,456/502,39/28
separation,457,502,457/502,271/194
separation,458,502,458/502,7/5
separation,459,502,459/502,83/59
separation,460,502,460/502,31/22
separation,461,502,461/502,17/12
separation,462,502,462/502,27/19
separation,463,502,463/502,10/7
separation,464,502,464/502,143/100
separation,465,502,465/502,83/58
separation,466,502,466/502,53/37
separation,467,502,467/502,43/30
separation,468,502,468/502,43/30
separation,469,502,469/502,13/9
separation,470,502,470/502,172/119
separation,471,502,471/502,29/20
separation,472,502,472/502,217/149
separation,473,502,473/502,73/50
separation,474,502,474/502,79/54
separation,475,502,475/502,60/41
separation,476,502,476/502,570/389
separation,477,502,477/502,210/143
separation,478,502,478/502,25/17
separation,479,502,479/502,53/36
separation,480,502,480/502,139/94
separation,481,502,481/502,1246/839
separation,482,502,482/502,3/2
separation,483,502,483/502,3/2
separation,484,502,484/502,3/2
separation,485,502,485/502,47/31
separation,486,502,486/502,195/128
separation,487,502,487/502,90/59
separation,488,502,488/502,187/120
separation,489,502,489/502,41/26
separation,490,502,490/502,51/32
separation,491,502,491/502,45/28
separation,492,502,492/502,5/3
separation,493,502,493/502,27/16
separation,494,502,494/502,46/27
separation,495,502,495/502,7/4
separation,496,502,496/502,86/49
separation,497,502,497/502,83/46
separation,498,502,498/502,49/25
separation,499,502,499/502,2
separation,500,502,500/502,12/5
separation,501,502,501/502,27/10
separation,502,502,502/502,4
